,variant_and_allele,p_value,trait,gene
265,rs12410155-<b>?</b>,8e-14,attention deficit hyperactivity disorder,ST3GAL3-AS1
265,rs12410155-<b>?</b>,8e-14,attention deficit hyperactivity disorder,ST3GAL3
91,rs12658032-<b>A</b>,1e-13,attention deficit hyperactivity disorder,LINC02163
91,rs12658032-<b>A</b>,1e-13,attention deficit hyperactivity disorder,RNU6-334P
280,rs11420276-<b>?</b>,2e-13,attention deficit hyperactivity disorder,ST3GAL3
280,rs11420276-<b>?</b>,2e-13,attention deficit hyperactivity disorder,ST3GAL3-AS1
86,rs112361411-<b>T</b>,2e-13,attention deficit hyperactivity disorder,ST3GAL3-AS1
86,rs112361411-<b>T</b>,2e-13,attention deficit hyperactivity disorder,ST3GAL3
247,rs6584649-<b>?</b>,1e-11,attention deficit hyperactivity disorder,SORCS3
93,rs12265655-<b>T</b>,2e-11,attention deficit hyperactivity disorder,SORCS3
274,rs12658032-<b>?</b>,1e-10,attention deficit hyperactivity disorder,LINC02163
274,rs12658032-<b>?</b>,1e-10,attention deficit hyperactivity disorder,RNU6-334P
16,rs113551349-<b>?</b>,4e-10,attention deficit hyperactivity disorder,SLC6A9
11,rs5886709-<b>G</b>,4e-10,attention deficit hyperactivity disorder,FOXP2
278,rs11192193-<b>?</b>,1e-09,attention deficit hyperactivity disorder,SORCS3
92,rs78648104-<b>T</b>,1e-09,attention deficit hyperactivity disorder,TFAP2D
12,rs1592757-<b>C</b>,1e-09,attention deficit hyperactivity disorder,UNKNOWN
87,rs10789368-<b>A</b>,1e-09,attention deficit hyperactivity disorder,LINC01360
88,rs13023832-<b>A</b>,2e-09,attention deficit hyperactivity disorder,SPAG16
249,rs35928531-<b>?</b>,2e-09,attention deficit hyperactivity disorder,POC1B
249,rs35928531-<b>?</b>,2e-09,attention deficit hyperactivity disorder,DUSP6
262,rs1427829-<b>?</b>,2e-09,attention deficit hyperactivity disorder,DUSP6
262,rs1427829-<b>?</b>,2e-09,attention deficit hyperactivity disorder,POC1B
15,rs4275621-<b>A</b>,3.0000000000000004e-09,attention deficit hyperactivity disorder,LINC02758
253,rs8084351-<b>?</b>,4e-09,attention deficit hyperactivity disorder,DCC
2,rs11591402-<b>T</b>,4e-09,attention deficit hyperactivity disorder,SORCS3
276,rs74760947-<b>?</b>,4e-09,attention deficit hyperactivity disorder,UNKNOWN
241,rs16828074-<b>?</b>,6.000000000000001e-09,attention deficit hyperactivity disorder,NCL
9,rs1427829-<b>A</b>,7.000000000000001e-09,attention deficit hyperactivity disorder,DUSP6
9,rs1427829-<b>A</b>,7.000000000000001e-09,attention deficit hyperactivity disorder,POC1B
251,rs281297-<b>?</b>,7.000000000000001e-09,attention deficit hyperactivity disorder,SEMA6D
85,rs2842198-<b>A</b>,8e-09,attention deficit hyperactivity disorder,PTPRF
85,rs2842198-<b>A</b>,8e-09,attention deficit hyperactivity disorder,HYI-AS1
275,rs9969232-<b>?</b>,8e-09,attention deficit hyperactivity disorder,FOXP2
264,rs212178-<b>?</b>,8e-09,attention deficit hyperactivity disorder,LINC01572
279,rs35947542-<b>?</b>,9.000000000000001e-09,attention deficit hyperactivity disorder,HYI-AS1
279,rs35947542-<b>?</b>,9.000000000000001e-09,attention deficit hyperactivity disorder,PTPRF
261,rs11591402-<b>?</b>,1e-08,attention deficit hyperactivity disorder,SORCS3
52,rs7684645-<b>A</b>,1e-08,attention deficit hyperactivity disorder,APELA
52,rs7684645-<b>A</b>,1e-08,attention deficit hyperactivity disorder,SMIM31
254,rs9677504-<b>?</b>,1e-08,attention deficit hyperactivity disorder,SPAG16
145,rs7995215-<b>?</b>,1e-08,attention deficit hyperactivity disorder,GPC6
250,rs2243517-<b>?</b>,1e-08,attention deficit hyperactivity disorder,OBI1-AS1
256,rs28411770-<b>?</b>,1e-08,attention deficit hyperactivity disorder,LINC02497
256,rs28411770-<b>?</b>,1e-08,attention deficit hyperactivity disorder,PCDH7
248,rs7952220-<b>?</b>,1e-08,attention deficit hyperactivity disorder,METTL15
248,rs7952220-<b>?</b>,1e-08,attention deficit hyperactivity disorder,LINC02758
90,rs349588-<b>A</b>,1e-08,attention deficit hyperactivity disorder,LINC02163
267,rs10789368-<b>?</b>,1e-08,attention deficit hyperactivity disorder,LINC01360
14,rs3001723-<b>A</b>,1e-08,attention deficit hyperactivity disorder,PTPRF
138,rs864643-<b>?</b>,1e-08,attention deficit hyperactivity disorder,MOBP
89,rs1484144-<b>T</b>,2e-08,attention deficit hyperactivity disorder,LINC01088
89,rs1484144-<b>T</b>,2e-08,attention deficit hyperactivity disorder,NAA11
259,rs5886709-<b>?</b>,2e-08,attention deficit hyperactivity disorder,FOXP2
269,rs7585730-<b>?</b>,2e-08,attention deficit hyperactivity disorder,RNA5SP87
255,rs4858241-<b>?</b>,2e-08,attention deficit hyperactivity disorder,SGO1-AS1
271,rs1021938-<b>?</b>,2e-08,attention deficit hyperactivity disorder,SGO1-AS1
273,rs56022653-<b>?</b>,2e-08,attention deficit hyperactivity disorder,LINC00461
19,rs3047819-<b>T</b>,2e-08,attention deficit hyperactivity disorder,MEF2C
55,rs12538843-<b>A</b>,2e-08,attention deficit hyperactivity disorder,POU6F2
55,rs12538843-<b>A</b>,2e-08,attention deficit hyperactivity disorder,YAE1
257,rs4916723-<b>?</b>,2e-08,attention deficit hyperactivity disorder,LINC00461
283,rs183882582-<b>T</b>,2e-08,attention deficit hyperactivity disorder,RSPH3
283,rs183882582-<b>T</b>,2e-08,attention deficit hyperactivity disorder,RNU6-293P
284,rs3958046-<b>T</b>,2e-08,attention deficit hyperactivity disorder,FEZF1
284,rs3958046-<b>T</b>,2e-08,attention deficit hyperactivity disorder,CADPS2
252,rs12596294-<b>?</b>,2e-08,attention deficit hyperactivity disorder,LINC01572
268,rs1222063-<b>?</b>,3.0000000000000004e-08,attention deficit hyperactivity disorder,RNU1-130P
277,rs1334561-<b>?</b>,3.0000000000000004e-08,attention deficit hyperactivity disorder,UNKNOWN
21,rs200508662-<b>T</b>,3.0000000000000004e-08,attention deficit hyperactivity disorder,UNKNOWN
20,rs8039398-<b>T</b>,3.0000000000000004e-08,attention deficit hyperactivity disorder,SEMA6D
72,rs6686722-<b>?</b>,3.0000000000000004e-08,attention deficit hyperactivity disorder,TNR
266,rs3952787-<b>?</b>,3.0000000000000004e-08,attention deficit hyperactivity disorder,ST3GAL3
263,rs281324-<b>?</b>,3.0000000000000004e-08,attention deficit hyperactivity disorder,SEMA6D
285,rs200721207-<b>T</b>,4e-08,attention deficit hyperactivity disorder,LINC02497
285,rs200721207-<b>T</b>,4e-08,attention deficit hyperactivity disorder,PCDH7
3,rs2243517-<b>C</b>,4e-08,attention deficit hyperactivity disorder,OBI1-AS1
258,rs304132-<b>?</b>,4e-08,attention deficit hyperactivity disorder,MEF2C-AS1
282,rs2391769-<b>?</b>,4e-08,attention deficit hyperactivity disorder,RN7SL831P
282,rs2391769-<b>?</b>,4e-08,attention deficit hyperactivity disorder,EEF1A1P11
62,rs11074258-<b>C</b>,4e-08,attention deficit hyperactivity disorder,H3P40
62,rs11074258-<b>C</b>,4e-08,attention deficit hyperactivity disorder,MCTP2
4,rs56135409-<b>C</b>,5e-08,attention deficit hyperactivity disorder,SGO1-AS1
63,rs34396552-<b>G</b>,5e-08,attention deficit hyperactivity disorder,CIDEA
63,rs34396552-<b>G</b>,5e-08,attention deficit hyperactivity disorder,RNU6-170P
286,rs1920644-<b>T</b>,5e-08,attention deficit hyperactivity disorder,ARL14
286,rs1920644-<b>T</b>,5e-08,attention deficit hyperactivity disorder,RPL6P8
136,rs11243897-<b>?</b>,6.000000000000001e-08,attention deficit hyperactivity disorder,AK8
61,rs1239704-<b>G</b>,8e-08,attention deficit hyperactivity disorder,DLEU7
61,rs1239704-<b>G</b>,8e-08,attention deficit hyperactivity disorder,DLEU1
64,rs35493881-<b>?</b>,8e-08,attention deficit hyperactivity disorder,RPS2P6
64,rs35493881-<b>?</b>,8e-08,attention deficit hyperactivity disorder,RN7SL795P
29,rs7181782-<b>C</b>,9e-08,attention deficit hyperactivity disorder,ARNT2
29,rs7181782-<b>C</b>,9e-08,attention deficit hyperactivity disorder,LINC00927
140,rs10983238-<b>?</b>,1e-07,attention deficit hyperactivity disorder,ASTN2
158,rs220470-<b>?</b>,1e-07,attention deficit hyperactivity disorder,ITGAE
144,rs7164335-<b>?</b>,1e-07,attention deficit hyperactivity disorder,ITGA11
50,rs11119570-<b>A</b>,1e-07,attention deficit hyperactivity disorder,IL19
291,rs3923931-<b>A</b>,2e-07,attention deficit hyperactivity disorder,CNBD1
67,rs6015071-<b>A</b>,2e-07,attention deficit hyperactivity disorder,NKILA
53,rs3116816-<b>A</b>,2e-07,attention deficit hyperactivity disorder,OR2J4P
318,rs55686778-<b>T</b>,2e-07,attention deficit hyperactivity disorder,TMEM114
317,rs191624305-<b>T</b>,2e-07,attention deficit hyperactivity disorder,TNR
30,rs4984687-<b>T</b>,2e-07,attention deficit hyperactivity disorder,FBXL16
22,rs145108385-<b>A</b>,2e-07,attention deficit hyperactivity disorder,ZNF131
22,rs145108385-<b>A</b>,2e-07,attention deficit hyperactivity disorder,ANXA2R
23,rs112984125-<b>A</b>,2e-07,attention deficit hyperactivity disorder,KDM4A-AS1
23,rs112984125-<b>A</b>,2e-07,attention deficit hyperactivity disorder,ST3GAL3
56,rs6954881-<b>G</b>,2e-07,attention deficit hyperactivity disorder,RNU6-1335P
56,rs6954881-<b>G</b>,2e-07,attention deficit hyperactivity disorder,CCNJP1
132,rs806276-<b>A</b>,3e-07,attention deficit hyperactivity disorder,MAP3K7
66,rs62214554-<b>G</b>,3e-07,attention deficit hyperactivity disorder,PFDN4
66,rs62214554-<b>G</b>,3e-07,attention deficit hyperactivity disorder,CYP24A1
65,rs6073330-<b>A</b>,3e-07,attention deficit hyperactivity disorder,JPH2
58,rs74120710-<b>T</b>,3e-07,attention deficit hyperactivity disorder,CCDC3
58,rs74120710-<b>T</b>,3e-07,attention deficit hyperactivity disorder,CAMK1D
137,rs2587695-<b>?</b>,3e-07,attention deficit hyperactivity disorder,CFAP221
54,rs6796-<b>C</b>,3e-07,attention deficit hyperactivity disorder,DAGLB
54,rs6796-<b>C</b>,3e-07,attention deficit hyperactivity disorder,KDELR2
293,rs4836899-<b>T</b>,3e-07,attention deficit hyperactivity disorder,ASTN2
49,rs10800919-<b>C</b>,4e-07,attention deficit hyperactivity disorder,LARP7P1
49,rs10800919-<b>C</b>,4e-07,attention deficit hyperactivity disorder,FMOD
75,rs2410116-<b>?</b>,4e-07,attention deficit hyperactivity disorder,UNKNOWN
24,rs142458453-<b>T</b>,5e-07,attention deficit hyperactivity disorder,DENND5B
24,rs142458453-<b>T</b>,5e-07,attention deficit hyperactivity disorder,LINC02387
128,rs1517484-<b>C</b>,5e-07,attention deficit hyperactivity disorder,NYAP2
287,rs4858241-<b>T</b>,5e-07,attention deficit hyperactivity disorder,SGO1-AS1
7,rs2391769-<b>A</b>,5e-07,attention deficit hyperactivity disorder,RN7SL831P
7,rs2391769-<b>A</b>,5e-07,attention deficit hyperactivity disorder,EEF1A1P11
160,rs2281597-<b>?</b>,5e-07,attention deficit hyperactivity disorder,CSMD2
194,rs2110267-<b>C</b>,5e-07,attention deficit hyperactivity disorder,DPP6
292,rs10962864-<b>T</b>,5e-07,attention deficit hyperactivity disorder,RN7SL720P
292,rs10962864-<b>T</b>,5e-07,attention deficit hyperactivity disorder,RPS29P33
25,rs56135409-<b>A</b>,6e-07,attention deficit hyperactivity disorder,SGO1-AS1
26,rs11317767-<b>G</b>,6e-07,attention deficit hyperactivity disorder,MFSD6L
26,rs11317767-<b>G</b>,6e-07,attention deficit hyperactivity disorder,SPDYE4
156,rs7175404-<b>?</b>,6e-07,attention deficit hyperactivity disorder,SEPHS1P2
290,rs28768443-<b>?</b>,6e-07,attention deficit hyperactivity disorder,UNKNOWN
74,rs61975260-<b>?</b>,6e-07,attention deficit hyperactivity disorder,SPATA7
315,rs138596453-<b>?</b>,6e-07,attention deficit hyperactivity disorder,GAB4
51,rs16823921-<b>G</b>,6e-07,attention deficit hyperactivity disorder,TEX41
51,rs16823921-<b>G</b>,6e-07,attention deficit hyperactivity disorder,LINC01412
47,rs2817619-<b>T</b>,6e-07,attention deficit hyperactivity disorder,DISP3
47,rs2817619-<b>T</b>,6e-07,attention deficit hyperactivity disorder,LINC01647
94,rs2823819-<b>C</b>,7e-07,attention deficit hyperactivity disorder,MIR99AHG
5,rs4916723-<b>C</b>,7e-07,attention deficit hyperactivity disorder,LINC00461
57,rs10868138-<b>C</b>,7e-07,attention deficit hyperactivity disorder,SLC28A3
68,rs9464011-<b>C</b>,7e-07,attention deficit hyperactivity disorder,MLIP
68,rs9464011-<b>C</b>,7e-07,attention deficit hyperactivity disorder,MLIP-IT1
68,rs9464011-<b>C</b>,7e-07,attention deficit hyperactivity disorder,MLIP-AS1
27,rs9746958-<b>A</b>,7e-07,attention deficit hyperactivity disorder,GNPATP
98,rs11074889-<b>A</b>,7e-07,attention deficit hyperactivity disorder,EMP2
31,rs28600876-<b>C</b>,7e-07,attention deficit hyperactivity disorder,ANO1
31,rs28600876-<b>C</b>,7e-07,attention deficit hyperactivity disorder,FGF3
28,rs74129883-<b>A</b>,7e-07,attention deficit hyperactivity disorder,ZNF488
28,rs74129883-<b>A</b>,7e-07,attention deficit hyperactivity disorder,ANXA8
46,rs6699651-<b>T</b>,8e-07,attention deficit hyperactivity disorder,CAMTA1
32,rs114247285-<b>A</b>,8e-07,attention deficit hyperactivity disorder,BIN2P2
32,rs114247285-<b>A</b>,8e-07,attention deficit hyperactivity disorder,SAP18P1
316,rs1610098-<b>?</b>,8e-07,attention deficit hyperactivity disorder,SEMA6D
60,rs9316596-<b>A</b>,8e-07,attention deficit hyperactivity disorder,LINC00424
149,rs10514604-<b>?</b>,8e-07,attention deficit hyperactivity disorder,ATP2C2
1,rs9677504-<b>G</b>,9e-07,attention deficit hyperactivity disorder,SPAG16
59,rs4945333-<b>G</b>,9e-07,attention deficit hyperactivity disorder,TENM4
33,rs9941217-<b>C</b>,9e-07,attention deficit hyperactivity disorder,NPIPA8
33,rs9941217-<b>C</b>,9e-07,attention deficit hyperactivity disorder,RPL7P47
184,rs6947495-<b>A</b>,1e-06,attention deficit hyperactivity disorder,DPP6
229,rs12575642-<b>?</b>,1e-06,attention deficit hyperactivity disorder,FERMT3
236,rs5016282-<b>A</b>,1e-06,attention deficit hyperactivity disorder,GRM5
197,rs2192271-<b>T</b>,1e-06,attention deficit hyperactivity disorder,DPP6
173,rs12671878-<b>A</b>,1e-06,attention deficit hyperactivity disorder,DPP6
244,rs1464807-<b>T</b>,1e-06,attention deficit hyperactivity disorder,SEM1
218,rs7448069-<b>T</b>,1e-06,attention deficit hyperactivity disorder,CPLX2
139,rs2677744-<b>?</b>,1e-06,attention deficit hyperactivity disorder,MAN2A2
324,rs1858800-<b>T</b>,1e-06,attention deficit hyperactivity disorder,ZFHX3
117,rs522958-<b>?</b>,1e-06,attention deficit hyperactivity disorder,CCDC91
77,rs28612433-<b>?</b>,1e-06,attention deficit hyperactivity disorder,PI4K2B
48,rs214220-<b>C</b>,1e-06,attention deficit hyperactivity disorder,SKINT1L
301,rs296884-<b>?</b>,1e-06,attention deficit hyperactivity disorder,C9orf64
301,rs296884-<b>?</b>,1e-06,attention deficit hyperactivity disorder,HNRNPK
76,rs4778174-<b>?</b>,1e-06,attention deficit hyperactivity disorder,OCA2
35,rs79891548-<b>T</b>,1e-06,attention deficit hyperactivity disorder,CSRNP3
34,rs142295881-<b>A</b>,1e-06,attention deficit hyperactivity disorder,MLIP-AS1
34,rs142295881-<b>A</b>,1e-06,attention deficit hyperactivity disorder,MLIP
84,rs77224013-<b>A</b>,1e-06,attention deficit hyperactivity disorder,LINC01548
84,rs77224013-<b>A</b>,1e-06,attention deficit hyperactivity disorder,IFNAR2
99,rs8074751-<b>?</b>,1e-06,attention deficit hyperactivity disorder,CEP112
13,rs10956838-<b>A</b>,1e-06,attention deficit hyperactivity disorder,UNKNOWN
297,rs35835615-<b>?</b>,1e-06,attention deficit hyperactivity disorder,ERLIN1
297,rs35835615-<b>?</b>,1e-06,attention deficit hyperactivity disorder,SPCS2P2
306,rs13019774-<b>T</b>,1e-06,attention deficit hyperactivity disorder,RNA5SP107
306,rs13019774-<b>T</b>,1e-06,attention deficit hyperactivity disorder,GALNT13
319,rs11255938-<b>?</b>,2e-06,attention deficit hyperactivity disorder,LINC02676
321,rs795989-<b>A</b>,2e-06,attention deficit hyperactivity disorder,MAML3
207,rs12919130-<b>A</b>,2e-06,attention deficit hyperactivity disorder,GPR139
36,rs150844750-<b>T</b>,2e-06,attention deficit hyperactivity disorder,RANBP2
37,rs71450738-<b>T</b>,2e-06,attention deficit hyperactivity disorder,SOX5
38,rs770082-<b>A</b>,2e-06,attention deficit hyperactivity disorder,DUSP6
38,rs770082-<b>A</b>,2e-06,attention deficit hyperactivity disorder,POC1B
313,rs55654452-<b>G</b>,2e-06,attention deficit hyperactivity disorder,ZNF521
312,rs1537617-<b>A</b>,2e-06,attention deficit hyperactivity disorder,UNKNOWN
195,rs910191-<b>A</b>,2e-06,attention deficit hyperactivity disorder,RNU7-144P
195,rs910191-<b>A</b>,2e-06,attention deficit hyperactivity disorder,LINC00494
123,rs6968385-<b>T</b>,2e-06,attention deficit hyperactivity disorder,UNKNOWN
69,rs34442475-<b>C</b>,2e-06,attention deficit hyperactivity disorder,UBBP1
100,rs4923705-<b>C</b>,2e-06,attention deficit hyperactivity disorder,LINC02853
71,rs2015560-<b>?</b>,2e-06,attention deficit hyperactivity disorder,UNKNOWN
300,rs876538-<b>?</b>,2e-06,attention deficit hyperactivity disorder,CRP
300,rs876538-<b>?</b>,2e-06,attention deficit hyperactivity disorder,CRPP1
95,rs1859156-<b>?</b>,2e-06,attention deficit hyperactivity disorder,BMPR1B
147,rs10786284-<b>?</b>,2e-06,attention deficit hyperactivity disorder,TLL2
295,rs113773212-<b>?</b>,2e-06,attention deficit hyperactivity disorder,LINC00917
294,rs74030106-<b>?</b>,2e-06,attention deficit hyperactivity disorder,TMC3-AS1
79,rs35624673-<b>?</b>,2e-06,attention deficit hyperactivity disorder,FBN3
305,rs6540899-<b>A</b>,2e-06,attention deficit hyperactivity disorder,KCTD3
115,rs11719664-<b>?</b>,2e-06,attention deficit hyperactivity disorder,ZNF385D
155,rs2199161-<b>?</b>,2e-06,attention deficit hyperactivity disorder,MAP1B
157,rs2502731-<b>?</b>,2e-06,attention deficit hyperactivity disorder,DNM1
303,rs9661242-<b>?</b>,2e-06,attention deficit hyperactivity disorder,UNKNOWN
322,rs526318-<b>T</b>,3e-06,attention deficit hyperactivity disorder,RNA5SP214
198,rs13043694-<b>A</b>,3e-06,attention deficit hyperactivity disorder,RNU7-144P
198,rs13043694-<b>A</b>,3e-06,attention deficit hyperactivity disorder,LINC00494
199,rs4810796-<b>A</b>,3e-06,attention deficit hyperactivity disorder,RNU7-144P
199,rs4810796-<b>A</b>,3e-06,attention deficit hyperactivity disorder,LINC00494
210,rs12596252-<b>A</b>,3e-06,attention deficit hyperactivity disorder,GPR139
307,rs13088735-<b>T</b>,3e-06,attention deficit hyperactivity disorder,LMCD1-AS1
212,rs12926725-<b>T</b>,3e-06,attention deficit hyperactivity disorder,GPR139
296,rs57422381-<b>?</b>,3e-06,attention deficit hyperactivity disorder,MBNL2
296,rs57422381-<b>?</b>,3e-06,attention deficit hyperactivity disorder,LINC00456
320,rs79221481-<b>T</b>,3e-06,attention deficit hyperactivity disorder,EPCAM-DT
242,rs7463256-<b>T</b>,3e-06,attention deficit hyperactivity disorder,CHMP7
302,rs145190003-<b>?</b>,3e-06,attention deficit hyperactivity disorder,CNTLN
304,rs393488-<b>?</b>,3e-06,attention deficit hyperactivity disorder,RN7SL720P
310,rs35854754-<b>CT</b>,3e-06,attention deficit hyperactivity disorder,UNKNOWN
211,rs1902813-<b>C</b>,3e-06,attention deficit hyperactivity disorder,GPR139
238,rs17232800-<b>?</b>,3e-06,attention deficit hyperactivity disorder,MTL3P
238,rs17232800-<b>?</b>,3e-06,attention deficit hyperactivity disorder,TMX3
0,rs1979398-<b>?</b>,3e-06,attention deficit hyperactivity disorder,ITGA1
113,rs1514928-<b>?</b>,3e-06,attention deficit hyperactivity disorder,LINC00644
105,rs7577925-<b>?</b>,3e-06,attention deficit hyperactivity disorder,NCKAP5
105,rs7577925-<b>?</b>,3e-06,attention deficit hyperactivity disorder,NCKAP5-AS2
323,rs536749404-<b>T</b>,3e-06,attention deficit hyperactivity disorder,UNKNOWN
170,rs4458264-<b>T</b>,3e-06,attention deficit hyperactivity disorder,LINC00494
170,rs4458264-<b>T</b>,3e-06,attention deficit hyperactivity disorder,RNU7-144P
81,rs10767556-<b>G</b>,3e-06,attention deficit hyperactivity disorder,ANO3
171,rs4402823-<b>T</b>,3e-06,attention deficit hyperactivity disorder,RNU7-144P
171,rs4402823-<b>T</b>,3e-06,attention deficit hyperactivity disorder,LINC00494
70,rs2238652-<b>T</b>,3e-06,attention deficit hyperactivity disorder,COMP
70,rs2238652-<b>T</b>,3e-06,attention deficit hyperactivity disorder,UPF1
151,rs2842643-<b>?</b>,3e-06,attention deficit hyperactivity disorder,NPM1P51
151,rs2842643-<b>?</b>,3e-06,attention deficit hyperactivity disorder,TFEB
41,rs61913097-<b>C</b>,3e-06,attention deficit hyperactivity disorder,ERC1
39,rs117354149-<b>C</b>,3e-06,attention deficit hyperactivity disorder,SETD5
18,rs11134178-<b>T</b>,3e-06,attention deficit hyperactivity disorder,LINC02196
18,rs11134178-<b>T</b>,3e-06,attention deficit hyperactivity disorder,LINC02236
17,rs9627183-<b>C</b>,3e-06,attention deficit hyperactivity disorder,UNKNOWN
10,rs28452470-<b>A</b>,3e-06,attention deficit hyperactivity disorder,CADPS2
10,rs28452470-<b>A</b>,3e-06,attention deficit hyperactivity disorder,FEZF1
182,rs6758152-<b>T</b>,3e-06,attention deficit hyperactivity disorder,LINC01965
175,rs6119285-<b>T</b>,4e-06,attention deficit hyperactivity disorder,DNMT3B
174,rs6057648-<b>A</b>,4e-06,attention deficit hyperactivity disorder,DNMT3B
234,rs12037173-<b>?</b>,4e-06,attention deficit hyperactivity disorder,LRRC7
164,rs12613775-<b>T</b>,4e-06,attention deficit hyperactivity disorder,LINC01965
161,rs6119286-<b>A</b>,4e-06,attention deficit hyperactivity disorder,DNMT3B
159,rs1555322-<b>?</b>,4e-06,attention deficit hyperactivity disorder,MMP24OS
159,rs1555322-<b>?</b>,4e-06,attention deficit hyperactivity disorder,MMP24
141,rs515910-<b>?</b>,4e-06,attention deficit hyperactivity disorder,CFAP43
101,rs2602381-<b>A</b>,4e-06,attention deficit hyperactivity disorder,UGT1A10
101,rs2602381-<b>A</b>,4e-06,attention deficit hyperactivity disorder,UGT1A8
101,rs2602381-<b>A</b>,4e-06,attention deficit hyperactivity disorder,UGT1A9
129,rs9845475-<b>G</b>,4e-06,attention deficit hyperactivity disorder,RPL23AP43
129,rs9845475-<b>G</b>,4e-06,attention deficit hyperactivity disorder,TRIM71
124,rs874426-<b>C</b>,4e-06,attention deficit hyperactivity disorder,NAV2
108,rs8047014-<b>?</b>,4e-06,attention deficit hyperactivity disorder,HAS3
108,rs8047014-<b>?</b>,4e-06,attention deficit hyperactivity disorder,TANGO6
233,rs1059440-<b>?</b>,4e-06,attention deficit hyperactivity disorder,TRPT1
298,rs75311156-<b>?</b>,4e-06,attention deficit hyperactivity disorder,OR5H5P
298,rs75311156-<b>?</b>,4e-06,attention deficit hyperactivity disorder,OR5H3P
299,rs2832008-<b>?</b>,4e-06,attention deficit hyperactivity disorder,U6
96,rs438259-<b>?</b>,4e-06,attention deficit hyperactivity disorder,HULC
73,rs28609353-<b>?</b>,4e-06,attention deficit hyperactivity disorder,TRIM51
308,rs895614-<b>A</b>,4e-06,attention deficit hyperactivity disorder,RNU6-276P
309,rs34846424-<b>T</b>,4e-06,attention deficit hyperactivity disorder,LINC02374
314,rs35782676-<b>T</b>,4e-06,attention deficit hyperactivity disorder,ZNF584
42,rs11917999-<b>G</b>,4e-06,attention deficit hyperactivity disorder,SOX2-OT
134,rs7442317-<b>?</b>,4e-06,attention deficit hyperactivity disorder,RPS3AP17
230,rs11607165-<b>?</b>,4e-06,attention deficit hyperactivity disorder,STIP1
188,rs11903187-<b>A</b>,4e-06,attention deficit hyperactivity disorder,LINC01965
154,rs16928529-<b>?</b>,4e-06,attention deficit hyperactivity disorder,UNC5B
196,rs1515641-<b>A</b>,4e-06,attention deficit hyperactivity disorder,CCDC192
213,rs1822881-<b>A</b>,4e-06,attention deficit hyperactivity disorder,RPL6P5
213,rs1822881-<b>A</b>,4e-06,attention deficit hyperactivity disorder,TEX41
200,rs2119507-<b>T</b>,4e-06,attention deficit hyperactivity disorder,LINC01965
176,rs6057651-<b>A</b>,4e-06,attention deficit hyperactivity disorder,MAPRE1
201,rs10193430-<b>A</b>,4e-06,attention deficit hyperactivity disorder,LINC01965
202,rs1036736-<b>T</b>,4e-06,attention deficit hyperactivity disorder,LINC01965
178,rs7270085-<b>A</b>,4e-06,attention deficit hyperactivity disorder,MAPRE1
177,rs6057652-<b>A</b>,4e-06,attention deficit hyperactivity disorder,MAPRE1
208,rs11687420-<b>A</b>,4e-06,attention deficit hyperactivity disorder,RPL6P5
208,rs11687420-<b>A</b>,4e-06,attention deficit hyperactivity disorder,TEX41
148,rs2237349-<b>?</b>,4.9999999999999996e-06,attention deficit hyperactivity disorder,CREB5
142,rs4964805-<b>?</b>,4.9999999999999996e-06,attention deficit hyperactivity disorder,NT5DC3
131,rs1325154-<b>C</b>,4.9999999999999996e-06,attention deficit hyperactivity disorder,UNKNOWN
114,rs1018040-<b>?</b>,4.9999999999999996e-06,attention deficit hyperactivity disorder,LINC02869
114,rs1018040-<b>?</b>,4.9999999999999996e-06,attention deficit hyperactivity disorder,U3
112,rs130575-<b>?</b>,4.9999999999999996e-06,attention deficit hyperactivity disorder,UNKNOWN
110,rs7992643-<b>?</b>,4.9999999999999996e-06,attention deficit hyperactivity disorder,ZIC5
110,rs7992643-<b>?</b>,4.9999999999999996e-06,attention deficit hyperactivity disorder,CLYBL
78,rs4673294-<b>?</b>,4.9999999999999996e-06,attention deficit hyperactivity disorder,DSTNP5
204,rs10463832-<b>A</b>,4.9999999999999996e-06,attention deficit hyperactivity disorder,CCDC192
203,rs10463833-<b>A</b>,4.9999999999999996e-06,attention deficit hyperactivity disorder,CCDC192
203,rs10463833-<b>A</b>,4.9999999999999996e-06,attention deficit hyperactivity disorder,CUL1P1
311,rs6475111-<b>T</b>,4.9999999999999996e-06,attention deficit hyperactivity disorder,CNTLN
43,rs117059665-<b>T</b>,4.9999999999999996e-06,attention deficit hyperactivity disorder,FGFR2
183,rs7164923-<b>T</b>,4.9999999999999996e-06,attention deficit hyperactivity disorder,RNU6-741P
183,rs7164923-<b>T</b>,4.9999999999999996e-06,attention deficit hyperactivity disorder,PWRN4
187,rs6057659-<b>A</b>,4.9999999999999996e-06,attention deficit hyperactivity disorder,EFCAB8
187,rs6057659-<b>A</b>,4.9999999999999996e-06,attention deficit hyperactivity disorder,MAPRE1
191,rs11681930-<b>A</b>,4.9999999999999996e-06,attention deficit hyperactivity disorder,PARD3B
6,rs74760947-<b>G</b>,4.9999999999999996e-06,attention deficit hyperactivity disorder,UNKNOWN
179,rs8123073-<b>A</b>,4.9999999999999996e-06,attention deficit hyperactivity disorder,EFCAB8
153,rs3799977-<b>?</b>,4.9999999999999996e-06,attention deficit hyperactivity disorder,SUPT3H
122,rs1918172-<b>?</b>,4.9999999999999996e-06,attention deficit hyperactivity disorder,LINC01876
239,rs6453417-<b>?</b>,4.9999999999999996e-06,attention deficit hyperactivity disorder,ARSB
165,rs7722425-<b>T</b>,4.9999999999999996e-06,attention deficit hyperactivity disorder,CCDC192
163,rs17123726-<b>A</b>,4.9999999999999996e-06,attention deficit hyperactivity disorder,EFCAB8
116,rs4147141-<b>?</b>,6e-06,attention deficit hyperactivity disorder,LINC01707
166,rs12523164-<b>T</b>,6e-06,attention deficit hyperactivity disorder,CCDC192
107,rs17651978-<b>?</b>,6e-06,attention deficit hyperactivity disorder,FOXP1
180,rs10153620-<b>C</b>,6e-06,attention deficit hyperactivity disorder,PARD3B
104,rs930421-<b>?</b>,6e-06,attention deficit hyperactivity disorder,MTA3
209,rs9364220-<b>A</b>,6e-06,attention deficit hyperactivity disorder,FRMD1
97,rs9810857-<b>T</b>,6e-06,attention deficit hyperactivity disorder,SLC9A9
97,rs9810857-<b>T</b>,6e-06,attention deficit hyperactivity disorder,PBX2P1
130,rs3892715-<b>C</b>,6e-06,attention deficit hyperactivity disorder,MIR1263
130,rs3892715-<b>C</b>,6e-06,attention deficit hyperactivity disorder,XXYLT1
214,rs12931939-<b>T</b>,6e-06,attention deficit hyperactivity disorder,GPR139
215,rs6497436-<b>T</b>,6e-06,attention deficit hyperactivity disorder,GPR139
135,rs412050-<b>?</b>,6e-06,attention deficit hyperactivity disorder,PPM1F-AS1
216,rs2608200-<b>A</b>,6e-06,attention deficit hyperactivity disorder,GPR139
232,rs10858396-<b>?</b>,6e-06,attention deficit hyperactivity disorder,SOCS5P2
232,rs10858396-<b>?</b>,6e-06,attention deficit hyperactivity disorder,C9orf62
83,rs112686226-<b>G</b>,6e-06,attention deficit hyperactivity disorder,OLIG1
83,rs112686226-<b>G</b>,6e-06,attention deficit hyperactivity disorder,LINC01548
82,rs13439086-<b>C</b>,6e-06,attention deficit hyperactivity disorder,RN7SL178P
44,rs609728-<b>T</b>,6e-06,attention deficit hyperactivity disorder,ANO4
245,rs12680109-<b>T</b>,7e-06,attention deficit hyperactivity disorder,Metazoa_SRP
245,rs12680109-<b>T</b>,7e-06,attention deficit hyperactivity disorder,RN7SL675P
189,rs4708431-<b>A</b>,7e-06,attention deficit hyperactivity disorder,FRMD1
240,rs4245040-<b>?</b>,7e-06,attention deficit hyperactivity disorder,GRIK4
205,rs12513840-<b>A</b>,7e-06,attention deficit hyperactivity disorder,CCDC192
243,rs1027730-<b>A</b>,7e-06,attention deficit hyperactivity disorder,C8orf87
243,rs1027730-<b>A</b>,7e-06,attention deficit hyperactivity disorder,MIR8084
231,rs11778329-<b>?</b>,7e-06,attention deficit hyperactivity disorder,UBE2V2
167,rs4835929-<b>T</b>,7e-06,attention deficit hyperactivity disorder,CCDC192
217,rs11642377-<b>A</b>,7e-06,attention deficit hyperactivity disorder,GPR139
150,rs11646411-<b>?</b>,7e-06,attention deficit hyperactivity disorder,CDH13
219,rs12926729-<b>A</b>,7e-06,attention deficit hyperactivity disorder,GPR139
220,rs11647507-<b>A</b>,7e-06,attention deficit hyperactivity disorder,GPR139
193,rs11994034-<b>T</b>,7e-06,attention deficit hyperactivity disorder,MSC-AS1
127,rs4810685-<b>C</b>,7e-06,attention deficit hyperactivity disorder,SULF2
222,rs12924103-<b>T</b>,7e-06,attention deficit hyperactivity disorder,GPR139
221,rs10180522-<b>A</b>,7e-06,attention deficit hyperactivity disorder,TEX41
221,rs10180522-<b>A</b>,7e-06,attention deficit hyperactivity disorder,RPL6P5
226,rs7201408-<b>A</b>,7e-06,attention deficit hyperactivity disorder,GPR139
237,rs2556378-<b>T</b>,7e-06,attention deficit hyperactivity disorder,BCL11A
225,rs7185264-<b>A</b>,7e-06,attention deficit hyperactivity disorder,GPR139
80,rs9545903-<b>C</b>,7e-06,attention deficit hyperactivity disorder,UNKNOWN
224,rs13407123-<b>T</b>,8e-06,attention deficit hyperactivity disorder,TEX41
224,rs13407123-<b>T</b>,8e-06,attention deficit hyperactivity disorder,RPL6P5
227,rs10521114-<b>A</b>,8e-06,attention deficit hyperactivity disorder,GPR139
235,rs797820-<b>?</b>,8e-06,attention deficit hyperactivity disorder,SEMA3A
223,rs10521115-<b>A</b>,8e-06,attention deficit hyperactivity disorder,GPR139
40,rs9513794-<b>T</b>,8e-06,attention deficit hyperactivity disorder,NALCN-AS1
152,rs469727-<b>?</b>,8e-06,attention deficit hyperactivity disorder,REEP5
120,rs260461-<b>?</b>,8e-06,attention deficit hyperactivity disorder,ZNF8-DT
120,rs260461-<b>?</b>,8e-06,attention deficit hyperactivity disorder,ZNF544
103,rs10011926-<b>?</b>,8e-06,attention deficit hyperactivity disorder,ELOVL6
246,rs10485813-<b>A</b>,8e-06,attention deficit hyperactivity disorder,TSHZ2
246,rs10485813-<b>A</b>,8e-06,attention deficit hyperactivity disorder,RPL36P1
146,rs2241685-<b>?</b>,8e-06,attention deficit hyperactivity disorder,MYT1L
111,rs10767942-<b>?</b>,8e-06,attention deficit hyperactivity disorder,WT1-AS
111,rs10767942-<b>?</b>,8e-06,attention deficit hyperactivity disorder,EIF3M
118,rs1350666-<b>?</b>,8e-06,attention deficit hyperactivity disorder,EPGN
118,rs1350666-<b>?</b>,8e-06,attention deficit hyperactivity disorder,EREG
119,rs6791644-<b>?</b>,8e-06,attention deficit hyperactivity disorder,FHIT
181,rs6983777-<b>A</b>,8e-06,attention deficit hyperactivity disorder,LINC01181
181,rs6983777-<b>A</b>,8e-06,attention deficit hyperactivity disorder,MTCO2P4
143,rs2242073-<b>?</b>,8e-06,attention deficit hyperactivity disorder,CRYGC
133,rs10039254-<b>A</b>,8e-06,attention deficit hyperactivity disorder,ADAMTS2
126,rs1335515-<b>C</b>,8e-06,attention deficit hyperactivity disorder,SLC35F4
228,rs13006237-<b>A</b>,9e-06,attention deficit hyperactivity disorder,PSMD14P1
228,rs13006237-<b>A</b>,9e-06,attention deficit hyperactivity disorder,ELOAP1
102,rs10487524-<b>T</b>,9e-06,attention deficit hyperactivity disorder,UNKNOWN
121,rs17367118-<b>?</b>,9e-06,attention deficit hyperactivity disorder,UNKNOWN
109,rs2290416-<b>?</b>,9e-06,attention deficit hyperactivity disorder,NAPRT
45,rs74490514-<b>T</b>,9e-06,attention deficit hyperactivity disorder,MTND5P15
45,rs74490514-<b>T</b>,9e-06,attention deficit hyperactivity disorder,LINC01208
125,rs17658378-<b>A</b>,9e-06,attention deficit hyperactivity disorder,TRPS1
106,rs272000-<b>?</b>,9e-06,attention deficit hyperactivity disorder,DPP10
