variant_and_allele,p_value,trait,gene,location
rs2568958-<b>A</b>,4e-52,unipolar depression,RPL31P12,1:72299433
rs2568958-<b>A</b>,4e-52,unipolar depression,NEGR1,1:72299433
rs191800971-<b>G</b>,1e-45,unipolar depression,LINC02163,5:104667610
rs191800971-<b>G</b>,1e-45,unipolar depression,RNU6-334P,5:104667610
rs30266-<b>A</b>,2e-45,unipolar depression,RNU6-334P,5:104636656
rs30266-<b>A</b>,2e-45,unipolar depression,LINC02163,5:104636656
rs2092563-<b>G</b>,6e-42,unipolar depression,EP300-AS1,22:41196673
rs1568452-<b>T</b>,2.9999999999999998e-40,unipolar depression,ACTG1P22,2:57785698
rs61902811-<b>G</b>,4e-39,unipolar depression,DRD2,11:113500036
rs1095626-<b>C</b>,5.999999999999999e-39,unipolar depression,RSRC1,3:158260173
rs7111031-<b>C</b>,1e-38,unipolar depression,TMPRSS5,11:113506766
rs7111031-<b>C</b>,1e-38,unipolar depression,DRD2,11:113506766
rs200949-<b>A</b>,2e-37,unipolar depression,H3C11,6:27867657
rs200949-<b>A</b>,2e-37,unipolar depression,H1-5,6:27867657
rs5995992-<b>C</b>,3e-35,unipolar depression,ACTBP15,22:41091214
rs5995992-<b>C</b>,3e-35,unipolar depression,MIR1281,22:41091214
rs10890020-<b>G</b>,3e-34,unipolar depression,RN7SKP19,1:73203153
rs11688767-<b>?</b>,6e-32,unipolar depression,ACTG1P22,2:57761059
rs61990288-<b>G</b>,2e-31,unipolar depression,LRFN5,14:41605523
rs301799-<b>C</b>,4e-31,unipolar depression,RERE-AS1,1:8429242
rs301799-<b>C</b>,4e-31,unipolar depression,RERE,1:8429242
rs11135349-<b>C</b>,2e-30,unipolar depression,UNKNOWN,5:165096466
rs3814424-<b>C</b>,2e-30,unipolar depression,LINC00461,5:88673135
rs7030813-<b>T</b>,9.000000000000001e-30,unipolar depression,PAX5,9:36999372
rs11756123-<b>?</b>,2e-29,unipolar depression,ESR1,6:151896944
rs7531118-<b>?</b>,9e-29,unipolar depression,RPL31P12,1:72371556
rs9592461-<b>A</b>,1e-28,unipolar depression,PCDH9,13:66367660
rs7227069-<b>A</b>,2e-28,unipolar depression,DCC,18:53205432
rs7200826-<b>T</b>,3e-28,unipolar depression,SHISA9,16:12972976
rs61902811-<b>?</b>,7e-28,unipolar depression,DRD2,11:113500036
rs12967143-<b>G</b>,2e-27,unipolar depression,TCF4,18:55431781
rs2717043-<b>C</b>,7e-27,unipolar depression,VRK2,2:57951884
rs827120-<b>?</b>,2e-26,unipolar depression,RSRC1,3:158321816
rs3823624-<b>T</b>,2e-26,unipolar depression,MAD1L1,7:2070711
rs1343605-<b>A</b>,2e-25,unipolar depression,LINC01065,13:53072913
rs1343605-<b>A</b>,2e-25,unipolar depression,OLFM4,13:53072913
rs7932640-<b>T</b>,3.0000000000000002e-25,unipolar depression,GRM5,11:89011257
rs1045430-<b>G</b>,4e-25,unipolar depression,AREL1,14:74663532
rs3756335-<b>?</b>,9e-25,unipolar depression,PCDHA2,5:140833925
rs3756335-<b>?</b>,9e-25,unipolar depression,PCDHA5,5:140833925
rs3756335-<b>?</b>,9e-25,unipolar depression,PCDHA4,5:140833925
rs3756335-<b>?</b>,9e-25,unipolar depression,PCDHA3,5:140833925
rs3756335-<b>?</b>,9e-25,unipolar depression,PCDHA1,5:140833925
rs3756335-<b>?</b>,9e-25,unipolar depression,PCDHA6,5:140833925
rs12923444-<b>C</b>,2e-24,unipolar depression,METTL9,16:21628389
rs7523829-<b>?</b>,2e-24,unipolar depression,LINC01360,1:73292434
rs77087420-<b>A</b>,2.9999999999999996e-24,unipolar depression,KIAA1109,4:122201701
rs72839477-<b>?</b>,4e-24,unipolar depression,ZNF204P,6:27359221
rs7988498-<b>?</b>,5e-24,unipolar depression,PCDH9,13:66372345
rs2043539-<b>A</b>,8e-24,unipolar depression,TMEM106B,7:12214254
rs7198928-<b>T</b>,4e-23,unipolar depression,RBFOX1,16:7616400
rs1021363-<b>A</b>,4e-23,unipolar depression,SORCS3,10:104851081
rs55649128-<b>?</b>,2e-22,unipolar depression,RNU6-334P,5:104408031
rs55649128-<b>?</b>,2e-22,unipolar depression,LINC02163,5:104408031
rs10950393-<b>T</b>,3e-22,unipolar depression,TMEM106B,7:12223920
rs12052908-<b>T</b>,4e-22,unipolar depression,RNA5SP87,2:22280172
rs67981811-<b>?</b>,5.0000000000000005e-22,unipolar depression,ZSCAN12,6:28387058
rs7807677-<b>T</b>,5.0000000000000005e-22,unipolar depression,CTTNBP2,7:117862520
rs10061069-<b>G</b>,5.0000000000000005e-22,unipolar depression,FAM172A,5:93735924
rs10061069-<b>G</b>,5.0000000000000005e-22,unipolar depression,POU5F2,5:93735924
rs16909922-<b>?</b>,6e-22,unipolar depression,PTCH1,9:95503619
rs7125588-<b>A</b>,6e-22,unipolar depression,DRD2,11:113565350
rs7125588-<b>A</b>,6e-22,unipolar depression,TMPRSS5,11:113565350
rs3793577-<b>G</b>,6e-22,unipolar depression,ELAVL2,9:23737629
rs10149470-<b>G</b>,7e-22,unipolar depression,RNU7-160P,14:103551616
rs10149470-<b>G</b>,7e-22,unipolar depression,BAG5,14:103551616
rs913930-<b>G</b>,1e-21,unipolar depression,TLR4,9:117721731
rs3099439-<b>C</b>,2e-21,unipolar depression,TMEM161B,5:88249501
rs113188507-<b>A</b>,2.9999999999999995e-21,unipolar depression,HMGB1P18,1:80343951
rs60157091-<b>T</b>,5.999999999999999e-21,unipolar depression,RN7SKP157,5:62213828
rs60157091-<b>T</b>,5.999999999999999e-21,unipolar depression,KIF2A,5:62213828
rs45510091-<b>A</b>,8e-21,unipolar depression,KIAA1109,4:122265238
rs13186288-<b>?</b>,2e-20,unipolar depression,TENM2,5:167564691
rs10913112-<b>C</b>,2e-20,unipolar depression,RPS29P5,1:175944692
rs10913112-<b>C</b>,2e-20,unipolar depression,COP1,1:175944692
rs4772087-<b>T</b>,2e-20,unipolar depression,STK24,13:98462787
rs41310573-<b>?</b>,4e-20,unipolar depression,OR2T12,1:248295464
rs301816-<b>?</b>,4e-20,unipolar depression,RERE,1:8444998
rs3213572-<b>A</b>,5.999999999999999e-20,unipolar depression,SPPL3,12:120767275
rs10164055-<b>T</b>,7e-20,unipolar depression,DCC,18:53393230
rs12270599-<b>T</b>,7e-20,unipolar depression,GRM5,11:88993297
rs17641524-<b>C</b>,8e-20,unipolar depression,DENND1B,1:197735587
rs12967855-<b>A</b>,1e-19,unipolar depression,CELF4,18:37558282
rs1933802-<b>G</b>,1e-19,unipolar depression,LIN28B-AS1,6:104918016
rs1021363-<b>?</b>,1e-19,unipolar depression,SORCS3,10:104851081
rs4702-<b>?</b>,3e-19,unipolar depression,FURIN,15:90883330
rs7193263-<b>G</b>,4e-19,unipolar depression,RBFOX1,16:6265879
rs1002656-<b>C</b>,5e-19,unipolar depression,GRIK3,1:36727140
rs1002656-<b>C</b>,5e-19,unipolar depression,FTLP18,1:36727140
rs12552-<b>A</b>,6e-19,unipolar depression,OLFM4,13:53051646
rs1890946-<b>C</b>,9e-19,unipolar depression,NRDC,1:51876755
rs11596214-<b>G</b>,2e-18,unipolar depression,SORCS3,10:104694074
rs7906899-<b>A</b>,2e-18,unipolar depression,SORCS3,10:104973747
rs8037355-<b>C</b>,2e-18,unipolar depression,UNKNOWN,15:37351630
rs7030813-<b>?</b>,2e-18,unipolar depression,PAX5,9:36999372
rs7147721-<b>A</b>,3.0000000000000002e-18,unipolar depression,FCF1,14:74719307
rs11135349-<b>?</b>,3.0000000000000002e-18,unipolar depression,UNKNOWN,5:165096466
rs1226412-<b>T</b>,3.0000000000000002e-18,unipolar depression,LINC01876,2:156254801
rs58104186-<b>A</b>,4e-18,unipolar depression,UNKNOWN,7:109459862
rs11772627-<b>?</b>,5e-18,unipolar depression,MAD1L1,7:2070186
rs4632195-<b>?</b>,6.0000000000000004e-18,unipolar depression,DCC,18:53220378
rs3814424-<b>?</b>,7e-18,unipolar depression,LINC00461,5:88673135
rs113188507-<b>?</b>,7e-18,unipolar depression,HMGB1P18,1:80343951
rs143186028-<b>T</b>,7e-18,unipolar depression,CHD6,20:41368764
rs143186028-<b>T</b>,7e-18,unipolar depression,EMILIN3,20:41368764
rs13204572-<b>?</b>,8e-18,unipolar depression,H1-12P,6:26189128
rs13204572-<b>?</b>,8e-18,unipolar depression,H4C4,6:26189128
rs11579246-<b>A</b>,9.000000000000001e-18,unipolar depression,ELAVL4,1:50093490
rs12967143-<b>?</b>,2e-17,unipolar depression,TCF4,18:55431781
rs13084037-<b>G</b>,2e-17,unipolar depression,C3orf84,3:49176633
rs13084037-<b>G</b>,2e-17,unipolar depression,KLHDC8B,3:49176633
rs1806153-<b>?</b>,2e-17,unipolar depression,PAUPAR,11:31828558
rs2876520-<b>G</b>,3e-17,unipolar depression,HIVEP2,6:142675481
rs102275-<b>?</b>,3e-17,unipolar depression,TMEM258,11:61790331
rs12967855-<b>?</b>,3e-17,unipolar depression,CELF4,18:37558282
rs2029865-<b>T</b>,4e-17,unipolar depression,UNKNOWN,6:164700811
rs1354115-<b>A</b>,4e-17,unipolar depression,CARM1P1,9:2983774
rs10973303-<b>?</b>,7e-17,unipolar depression,ZCCHC7,9:37344532
rs7023933-<b>?</b>,8e-17,unipolar depression,FAM120A,9:93463196
rs56314503-<b>G</b>,1e-16,unipolar depression,UNKNOWN,12:84071243
rs17186548-<b>?</b>,2e-16,unipolar depression,SORCS3,10:104791186
rs45534736-<b>?</b>,3e-16,unipolar depression,IL2,4:122467738
rs73581580-<b>?</b>,3e-16,unipolar depression,EXD3,9:137357006
rs34653192-<b>G</b>,3e-16,unipolar depression,UNKNOWN,9:31124454
rs1950829-<b>?</b>,3e-16,unipolar depression,LRFN5,14:41628734
rs2149351-<b>T</b>,4e-16,unipolar depression,TLR4,9:117739366
rs2149351-<b>T</b>,4e-16,unipolar depression,TPT1P9,9:117739366
rs2509805-<b>T</b>,5e-16,unipolar depression,OR5BA1P,11:57883324
rs2509805-<b>T</b>,5e-16,unipolar depression,OR5AZ1P,11:57883324
rs263645-<b>A</b>,6.999999999999999e-16,unipolar depression,RN7SL720P,9:17016505
rs7714851-<b>T</b>,8e-16,unipolar depression,UNKNOWN,5:165048768
rs1982277-<b>T</b>,1e-15,unipolar depression,UNKNOWN,9:11513019
rs10514299-<b>T</b>,1e-15,unipolar depression,TMEM161B-AS1,5:88367793
rs141954845-<b>A</b>,1e-15,unipolar depression,FHIT,3:61207237
rs240764-<b>G</b>,2e-15,unipolar depression,SIM1,6:100505272
rs240764-<b>G</b>,2e-15,unipolar depression,ASCC3,6:100505272
rs1054169-<b>?</b>,2e-15,unipolar depression,TMEM106B,7:12233870
rs9317758-<b>T</b>,2e-15,unipolar depression,SNRPFP3,13:69002235
rs9317758-<b>T</b>,2e-15,unipolar depression,ZDHHC20P4,13:69002235
rs56403421-<b>A</b>,3.0000000000000002e-15,unipolar depression,LINC01929,18:55098052
rs56403421-<b>A</b>,3.0000000000000002e-15,unipolar depression,CCDC68,18:55098052
rs12635614-<b>?</b>,3.0000000000000002e-15,unipolar depression,NLGN1,3:173395251
rs60157091-<b>?</b>,3.0000000000000002e-15,unipolar depression,RN7SKP157,5:62213828
rs60157091-<b>?</b>,3.0000000000000002e-15,unipolar depression,KIF2A,5:62213828
rs4753209-<b>?</b>,3.0000000000000002e-15,unipolar depression,GRM5,11:89010040
rs1448938-<b>A</b>,4e-15,unipolar depression,DCDC1,11:30871277
rs1432639-<b>A</b>,5.000000000000001e-15,unipolar depression,RPL31P12,1:72347535
rs2806933-<b>?</b>,5.000000000000001e-15,unipolar depression,LINC01065,13:53069235
rs2806933-<b>?</b>,5.000000000000001e-15,unipolar depression,OLFM4,13:53069235
rs7152906-<b>?</b>,6.0000000000000005e-15,unipolar depression,AREL1,14:74658837
rs7685686-<b>A</b>,6.0000000000000005e-15,unipolar depression,HTT,4:3205415
rs7200826-<b>?</b>,9.000000000000001e-15,unipolar depression,SHISA9,16:12972976
rs7617480-<b>?</b>,9.000000000000001e-15,unipolar depression,KLHDC8B,3:49173299
rs12624433-<b>A</b>,2e-14,unipolar depression,SLC12A5,20:46052214
rs9517313-<b>?</b>,2e-14,unipolar depression,STK24,13:98453638
rs9517313-<b>?</b>,2e-14,unipolar depression,FARP1,13:98453638
rs8099160-<b>A</b>,2e-14,unipolar depression,DCC,18:53226240
rs58936320-<b>T</b>,2e-14,unipolar depression,C3orf62,3:49267707
rs58936320-<b>T</b>,2e-14,unipolar depression,IHO1,3:49267707
rs62091461-<b>C</b>,2e-14,unipolar depression,RAB27B,18:54821441
rs4801157-<b>C</b>,3e-14,unipolar depression,TCF4,18:55497462
rs3099439-<b>?</b>,3e-14,unipolar depression,TMEM161B,5:88249501
rs11693031-<b>A</b>,3e-14,unipolar depression,ERBB4,2:211813206
rs4131791-<b>?</b>,3e-14,unipolar depression,LINC01929,18:55080640
rs7117514-<b>G</b>,4e-14,unipolar depression,SHANK2,11:70698832
rs7045135-<b>T</b>,4e-14,unipolar depression,AKAP8P1,9:11421771
rs7045135-<b>T</b>,4e-14,unipolar depression,JKAMPP1,9:11421771
rs198457-<b>C</b>,5e-14,unipolar depression,DAGLA,11:61704206
rs6699744-<b>T</b>,7e-14,unipolar depression,RPL31P12,1:72359461
rs2369818-<b>?</b>,7e-14,unipolar depression,METTL9,16:21602688
rs12705613-<b>T</b>,8e-14,unipolar depression,EIF3IP1,7:109533899
rs12705613-<b>T</b>,8e-14,unipolar depression,BUB3P1,7:109533899
rs1334585-<b>C</b>,8e-14,unipolar depression,HIVEP2,6:142655619
rs1334585-<b>C</b>,8e-14,unipolar depression,ADGRG6,6:142655619
rs7758630-<b>T</b>,8e-14,unipolar depression,GRIK2,6:100939428
rs7758630-<b>T</b>,8e-14,unipolar depression,ASCC3,6:100939428
rs11674333-<b>?</b>,8e-14,unipolar depression,RNA5SP87,2:22295117
rs12135327-<b>?</b>,8e-14,unipolar depression,NRDC,1:51832289
rs297346-<b>A</b>,8e-14,unipolar depression,SOX6,11:16334225
rs2247523-<b>G</b>,9e-14,unipolar depression,PCLO,7:82825088
rs7837935-<b>G</b>,1e-13,unipolar depression,CYP7B1,8:64649462
rs17708090-<b>C</b>,1e-13,unipolar depression,MSRA,8:10327081
rs10920270-<b>C</b>,1e-13,unipolar depression,IPO9,1:201887393
rs10920270-<b>C</b>,1e-13,unipolar depression,SHISA4,1:201887393
rs16841842-<b>?</b>,1e-13,unipolar depression,DENND1B,1:197642552
rs6783233-<b>T</b>,1e-13,unipolar depression,UNKNOWN,3:117791137
rs3132685-<b>A</b>,2e-13,unipolar depression,HCG9,6:29978172
rs12517438-<b>?</b>,2e-13,unipolar depression,UNKNOWN,5:30841947
rs1267042-<b>?</b>,2e-13,unipolar depression,LINC01806,2:161238492
rs1267042-<b>?</b>,2e-13,unipolar depression,TANK,2:161238492
rs3115631-<b>T</b>,3.0000000000000003e-13,unipolar depression,ZNRD1ASP,6:30018547
rs75581564-<b>A</b>,3.0000000000000003e-13,unipolar depression,PIPOX,17:29036732
rs7241572-<b>A</b>,3.0000000000000003e-13,unipolar depression,CTDP1,18:79820712
rs7241572-<b>A</b>,3.0000000000000003e-13,unipolar depression,KCNG2,18:79820712
rs17619012-<b>G</b>,4e-13,unipolar depression,WDPCP,2:63666455
rs2517601-<b>C</b>,5e-13,unipolar depression,TRIM31-AS1,6:30106295
rs2517601-<b>C</b>,5e-13,unipolar depression,TRIM31,6:30106295
rs62188629-<b>A</b>,5e-13,unipolar depression,MYOSLID,2:207179746
rs7585722-<b>C</b>,5e-13,unipolar depression,RNF103-CHMP3,2:86592005
rs10061069-<b>?</b>,5e-13,unipolar depression,FAM172A,5:93735924
rs10061069-<b>?</b>,5e-13,unipolar depression,POU5F2,5:93735924
rs11686891-<b>?</b>,5e-13,unipolar depression,CIR1,2:174375189
rs34937911-<b>T</b>,5e-13,unipolar depression,BEND4,4:42108336
rs34937911-<b>T</b>,5e-13,unipolar depression,SLC30A9,4:42108336
rs2924329-<b>G</b>,5e-13,unipolar depression,TCF4-AS1,18:55468663
rs2924329-<b>G</b>,5e-13,unipolar depression,TCF4,18:55468663
rs34488670-<b>C</b>,5e-13,unipolar depression,SEMA6D,15:47392739
rs10821130-<b>C</b>,5e-13,unipolar depression,FAM120A,9:93461290
rs3807866-<b>A</b>,5e-13,unipolar depression,TMEM106B,7:12210752
rs997934-<b>T</b>,5e-13,unipolar depression,ADARB2,10:1753000
rs56887639-<b>G</b>,6.000000000000001e-13,unipolar depression,UNKNOWN,16:13661673
rs3130116-<b>C</b>,6.000000000000001e-13,unipolar depression,UBQLN1P1,6:30397671
rs3130116-<b>C</b>,6.000000000000001e-13,unipolar depression,MICC,6:30397671
rs4728354-<b>?</b>,6.000000000000001e-13,unipolar depression,CNOT4,7:135367227
rs1233393-<b>G</b>,8e-13,unipolar depression,GABBR1,6:29581876
rs7809993-<b>?</b>,9e-13,unipolar depression,CTTNBP2,7:117873610
rs35017208-<b>T</b>,1e-12,unipolar depression,ZSCAN12,6:28377505
rs35017208-<b>T</b>,1e-12,unipolar depression,ZKSCAN3,6:28377505
rs9258375-<b>G</b>,1e-12,unipolar depression,HLA-V,6:29785031
rs9258375-<b>G</b>,1e-12,unipolar depression,IFITM4P,6:29785031
rs10817969-<b>T</b>,1e-12,unipolar depression,ASTN2,9:116968766
rs2284174-<b>C</b>,1e-12,unipolar depression,HCG20,6:30745803
rs9775587-<b>?</b>,1e-12,unipolar depression,LINC01613,9:119900442
rs2523443-<b>A</b>,1e-12,unipolar depression,OR11A1,6:29447687
rs10789340-<b>G</b>,2e-12,unipolar depression,RPL31P12,1:72474590
rs10789340-<b>G</b>,2e-12,unipolar depression,RNU6-1246P,1:72474590
rs1452787-<b>?</b>,2e-12,unipolar depression,TCF4,18:55539976
rs1933802-<b>?</b>,2e-12,unipolar depression,LIN28B-AS1,6:104918016
rs2670139-<b>C</b>,2e-12,unipolar depression,DENND1A,9:123871976
rs8025231-<b>C</b>,2e-12,unipolar depression,UNKNOWN,15:37356201
rs146918648-<b>G</b>,2e-12,unipolar depression,ZBED9,6:28580897
rs12968428-<b>A</b>,2e-12,unipolar depression,DCC,18:53223855
rs17737641-<b>?</b>,2e-12,unipolar depression,MIR3143,6:27206778
rs17737641-<b>?</b>,2e-12,unipolar depression,RPL10P2,6:27206778
rs9257681-<b>G</b>,2e-12,unipolar depression,OR2U2P,6:29287205
rs9257681-<b>G</b>,2e-12,unipolar depression,OR14J1,6:29287205
rs2274793-<b>?</b>,2e-12,unipolar depression,OTX2-AS1,14:56817250
rs4947263-<b>T</b>,3e-12,unipolar depression,OR2J2,6:29165865
rs4947263-<b>T</b>,3e-12,unipolar depression,OR2J3,6:29165865
rs1431181-<b>A</b>,3e-12,unipolar depression,DCC,18:53253042
rs9363467-<b>T</b>,3e-12,unipolar depression,ADH5P4,6:65855810
rs7772160-<b>T</b>,3e-12,unipolar depression,ZNF184,6:27444607
rs7772160-<b>T</b>,3e-12,unipolar depression,MCFD2P1,6:27444607
rs3793577-<b>A</b>,3e-12,unipolar depression,ELAVL2,9:23737629
rs58243949-<b>?</b>,4e-12,unipolar depression,RAB27B,18:54842602
rs12129573-<b>A</b>,4e-12,unipolar depression,RN7SKP19,1:73302683
rs12129573-<b>A</b>,4e-12,unipolar depression,LINC01360,1:73302683
rs1518395-<b>G</b>,4e-12,unipolar depression,VRK2,2:57980939
rs13191038-<b>C</b>,4e-12,unipolar depression,GPX6,6:28515140
rs3135296-<b>A</b>,4e-12,unipolar depression,NOP56P1,6:28828079
rs3135296-<b>A</b>,4e-12,unipolar depression,LINC01623,6:28828079
rs1152578-<b>C</b>,4e-12,unipolar depression,ESR2,14:64230319
rs2509805-<b>?</b>,5e-12,unipolar depression,OR5BA1P,11:57883324
rs2509805-<b>?</b>,5e-12,unipolar depression,OR5AZ1P,11:57883324
rs148466862-<b>?</b>,5e-12,unipolar depression,OR5V1,6:29349400
rs148466862-<b>?</b>,5e-12,unipolar depression,DDX6P1,6:29349400
rs12705593-<b>?</b>,5e-12,unipolar depression,UNKNOWN,7:109460111
rs4346585-<b>C</b>,5e-12,unipolar depression,ZKSCAN7-AS1,3:44695001
rs4346585-<b>C</b>,5e-12,unipolar depression,SOCS5P3,3:44695001
rs35905305-<b>?</b>,5e-12,unipolar depression,SPPL3,12:120890279
rs1956373-<b>G</b>,6e-12,unipolar depression,RTN1,14:59675104
rs11978979-<b>A</b>,7e-12,unipolar depression,SDK1,7:3986377
rs4980365-<b>?</b>,7e-12,unipolar depression,STMND1,6:17028442
rs3807865-<b>A</b>,7e-12,unipolar depression,THSD7A,7:12210776
rs3807865-<b>A</b>,7e-12,unipolar depression,TMEM106B,7:12210776
chr5_103942055-<b>?</b>,8e-12,unipolar depression,UNKNOWN,Mapping not available
rs483143-<b>C</b>,8e-12,unipolar depression,H4C13,6:27878966
rs483143-<b>C</b>,8e-12,unipolar depression,H3C12,6:27878966
rs16887442-<b>T</b>,1e-11,unipolar depression,SEMA3E,7:83307593
rs4277413-<b>A</b>,1e-11,unipolar depression,DCC,18:53172556
rs7940164-<b>?</b>,1e-11,unipolar depression,TMPRSS5,11:113581043
rs7940164-<b>?</b>,1e-11,unipolar depression,DRD2,11:113581043
rs78337797-<b>T</b>,1e-11,unipolar depression,SOX5,12:23834991
rs13197574-<b>C</b>,1e-11,unipolar depression,ZSCAN12P1,6:28092461
rs13197574-<b>C</b>,1e-11,unipolar depression,ZSCAN16-AS1,6:28092461
rs13194504-<b>A</b>,1e-11,unipolar depression,LINC00533,6:28662914
rs13194504-<b>A</b>,1e-11,unipolar depression,RPSAP2,6:28662914
rs7193263-<b>?</b>,2e-11,unipolar depression,RBFOX1,16:6265879
rs2422320-<b>T</b>,2e-11,unipolar depression,LINC02797,1:72827649
rs17105472-<b>?</b>,2e-11,unipolar depression,AGBL4,1:49062731
rs1484145-<b>?</b>,2e-11,unipolar depression,NAA11,4:79296587
rs1484145-<b>?</b>,2e-11,unipolar depression,LINC01088,4:79296587
rs3129791-<b>A</b>,2e-11,unipolar depression,HCG15,6:28986516
rs169235-<b>G</b>,2e-11,unipolar depression,CACNA1E,1:181771788
rs7837935-<b>?</b>,2e-11,unipolar depression,CYP7B1,8:64649462
rs6536630-<b>?</b>,3e-11,unipolar depression,MAML3,4:139997881
rs115507122-<b>G</b>,3e-11,unipolar depression,HCG20,6:30769814
rs8089865-<b>A</b>,3e-11,unipolar depression,DCC,18:53431552
rs74927570-<b>?</b>,3e-11,unipolar depression,USP3,15:63510098
rs3741475-<b>G</b>,4e-11,unipolar depression,NOS1,12:117232109
rs12966052-<b>G</b>,4e-11,unipolar depression,LINC01929,18:55084408
rs7749305-<b>C</b>,4e-11,unipolar depression,ZNF184,6:27478787
rs7749305-<b>C</b>,4e-11,unipolar depression,HNRNPA1P1,6:27478787
rs9257248-<b>T</b>,4e-11,unipolar depression,LINC01623,6:28835514
rs9257248-<b>T</b>,4e-11,unipolar depression,NOP56P1,6:28835514
rs2517622-<b>G</b>,4e-11,unipolar depression,TRIM26,6:30187372
rs2517622-<b>G</b>,4e-11,unipolar depression,PAIP1P1,6:30187372
rs12958048-<b>A</b>,4e-11,unipolar depression,UNKNOWN,Mapping not available
rs4267411-<b>?</b>,4e-11,unipolar depression,NPM1P1,18:41725292
rs4267411-<b>?</b>,4e-11,unipolar depression,KC6,18:41725292
rs4713145-<b>T</b>,4.9999999999999995e-11,unipolar depression,ZKSCAN8,6:28139049
rs4713145-<b>T</b>,4.9999999999999995e-11,unipolar depression,ZSCAN16-AS1,6:28139049
rs3823612-<b>C</b>,4.9999999999999995e-11,unipolar depression,TMEM106B,7:12219129
rs2956287-<b>A</b>,4.9999999999999995e-11,unipolar depression,UNKNOWN,12:84315437
rs7647854-<b>G</b>,4.9999999999999995e-11,unipolar depression,C3orf70,3:185158995
rs7647854-<b>G</b>,4.9999999999999995e-11,unipolar depression,EHHADH-AS1,3:185158995
rs201935337-<b>?</b>,4.9999999999999995e-11,unipolar depression,TMEM150B,19:55320451
rs10441718-<b>?</b>,6e-11,unipolar depression,CARM1P1,9:2989299
rs2179744-<b>G</b>,6e-11,unipolar depression,L3MBTL2-AS1,22:41225710
rs2179744-<b>G</b>,6e-11,unipolar depression,L3MBTL2,22:41225710
rs835303-<b>?</b>,6e-11,unipolar depression,LINC01876,2:156267583
rs835303-<b>?</b>,6e-11,unipolar depression,NR4A2,2:156267583
rs10501696-<b>G</b>,6.999999999999999e-11,unipolar depression,GRM5,11:89014994
rs11209948-<b>T</b>,8e-11,unipolar depression,RPL31P12,1:72346221
rs35715914-<b>T</b>,8e-11,unipolar depression,RPL8P1,6:27624224
rs35715914-<b>T</b>,8e-11,unipolar depression,RNU6-471P,6:27624224
chr5_87992715-<b>?</b>,8e-11,unipolar depression,UNKNOWN,Mapping not available
rs1409379-<b>T</b>,8e-11,unipolar depression,B3GLCT,13:31333604
rs13296641-<b>?</b>,9e-11,unipolar depression,SLC25A6P2,9:31160245
rs7193263-<b>A</b>,9e-11,unipolar depression,RBFOX1,16:6265879
rs301807-<b>A</b>,1e-10,unipolar depression,RERE-AS1,1:8424763
rs301807-<b>A</b>,1e-10,unipolar depression,RERE,1:8424763
rs2876520-<b>?</b>,1e-10,unipolar depression,HIVEP2,6:142675481
rs3129120-<b>T</b>,1e-10,unipolar depression,OR2J2,6:29143998
rs3129120-<b>T</b>,1e-10,unipolar depression,OR2J3,6:29143998
rs528732638-<b>GAA</b>,1e-10,unipolar depression,AQP4-AS1,18:26940224
rs528732638-<b>GAA</b>,1e-10,unipolar depression,CHST9,18:26940224
rs72710803-<b>C</b>,1e-10,unipolar depression,LINC01645,1:177458882
rs12525684-<b>?</b>,1e-10,unipolar depression,BTN1A1P1,6:26483682
rs12525684-<b>?</b>,1e-10,unipolar depression,BTN1A1,6:26483682
rs6066242-<b>?</b>,1e-10,unipolar depression,ZMYND8,20:47215211
rs3088142-<b>?</b>,1e-10,unipolar depression,DUSP13,10:75094806
rs35553410-<b>C</b>,2e-10,unipolar depression,LINC02479,4:130316226
rs2098651-<b>C</b>,2e-10,unipolar depression,TENM2,5:167564265
rs1554269-<b>C</b>,2e-10,unipolar depression,RN7SL117P,2:22208250
rs1554269-<b>C</b>,2e-10,unipolar depression,RNA5SP87,2:22208250
rs2322702-<b>?</b>,2e-10,unipolar depression,UNKNOWN,6:164757844
rs67455183-<b>?</b>,2e-10,unipolar depression,MSRA,8:10288415
rs61691222-<b>?</b>,2e-10,unipolar depression,TRIM8,10:102660997
rs61691222-<b>?</b>,2e-10,unipolar depression,ARL3,10:102660997
rs393488-<b>T</b>,2e-10,unipolar depression,RN7SL720P,9:17044973
rs58621819-<b>T</b>,2e-10,unipolar depression,LTBP3,11:65547359
rs621313-<b>G</b>,3e-10,unipolar depression,TYR,11:89180495
rs140395831-<b>?</b>,3e-10,unipolar depression,ARHGAP8,22:44859739
rs140395831-<b>?</b>,3e-10,unipolar depression,PRR5-ARHGAP8,22:44859739
rs145678014-<b>?</b>,3e-10,unipolar depression,QSER1,11:32906232
rs200990-<b>T</b>,4e-10,unipolar depression,H2BC15,6:27848045
rs10789214-<b>T</b>,4e-10,unipolar depression,SGIP1,1:66681134
rs716508-<b>C</b>,4e-10,unipolar depression,RBFOX1,16:6286911
rs40465-<b>G</b>,4e-10,unipolar depression,UNKNOWN,5:104646025
rs1848393-<b>?</b>,4e-10,unipolar depression,DCDC1,11:30954079
rs3980104-<b>?</b>,5e-10,unipolar depression,UNKNOWN,11:38811698
rs12205083-<b>G</b>,6e-10,unipolar depression,DCDC2,6:24275255
rs537635-<b>T</b>,6e-10,unipolar depression,GRM5,11:88972067
rs61867293-<b>C</b>,7.000000000000001e-10,unipolar depression,SORCS3,10:104804166
rs75581564-<b>?</b>,7.000000000000001e-10,unipolar depression,PIPOX,17:29036732
rs8138989-<b>?</b>,7.000000000000001e-10,unipolar depression,LINC00899,22:46029552
rs8138989-<b>?</b>,7.000000000000001e-10,unipolar depression,WNT7B,22:46029552
rs149389640-<b>A</b>,7.000000000000001e-10,unipolar depression,CCDC170,6:151604372
rs118109745-<b>?</b>,7.000000000000001e-10,unipolar depression,RPL35AP4,6:33377805
rs118109745-<b>?</b>,7.000000000000001e-10,unipolar depression,LYPLA2P1,6:33377805
rs2064219-<b>A</b>,8e-10,unipolar depression,ZNF184,6:27408222
rs2064219-<b>A</b>,8e-10,unipolar depression,MCFD2P1,6:27408222
rs62097899-<b>T</b>,8e-10,unipolar depression,DCC,18:52991139
rs111471551-<b>?</b>,8e-10,unipolar depression,B4GALNT4,11:380242
rs915057-<b>G</b>,8e-10,unipolar depression,ESR2,14:64219489
rs915057-<b>G</b>,8e-10,unipolar depression,SYNE2,14:64219489
rs56059718-<b>?</b>,9e-10,unipolar depression,RASGRP1,15:38544576
rs61127279-<b>?</b>,9e-10,unipolar depression,DPY19L1P2,7:32789832
rs61127279-<b>?</b>,9e-10,unipolar depression,LINC00997,7:32789832
rs3787317-<b>T</b>,9e-10,unipolar depression,KCNB1,20:49424674
rs11123030-<b>T</b>,1e-09,unipolar depression,CNTNAP5,2:124218586
rs1806153-<b>T</b>,1e-09,unipolar depression,PAUPAR,11:31828558
rs75782365-<b>T</b>,1e-09,unipolar depression,BTN3A1,6:26408323
rs535777-<b>G</b>,1e-09,unipolar depression,HLA-DRB1,6:32609856
rs535777-<b>G</b>,1e-09,unipolar depression,HLA-DQA1,6:32609856
rs454214-<b>T</b>,1e-09,unipolar depression,MEF2C-AS2,5:88707586
rs66975207-<b>A</b>,1e-09,unipolar depression,LINC00240,6:26974367
rs2304607-<b>A</b>,1e-09,unipolar depression,MEF2C-AS2,5:88692916
rs4478545-<b>?</b>,1e-09,unipolar depression,LINC00535,8:93660314
rs7432943-<b>?</b>,1e-09,unipolar depression,FHIT,3:61207973
rs55748329-<b>A</b>,1e-09,unipolar depression,BAIAP2,17:81071973
rs2178539-<b>A</b>,1e-09,unipolar depression,DMD,X:31188927
rs2191130-<b>T</b>,1e-09,unipolar depression,RBFOX1,16:7617795
rs725616-<b>T</b>,1e-09,unipolar depression,SAMD5,6:147629286
rs3806843-<b>T</b>,1e-09,unipolar depression,PCDHA5,5:140832953
rs3806843-<b>T</b>,1e-09,unipolar depression,PCDHA6,5:140832953
rs3806843-<b>T</b>,1e-09,unipolar depression,PCDHA1,5:140832953
rs3806843-<b>T</b>,1e-09,unipolar depression,PCDHA2,5:140832953
rs3806843-<b>T</b>,1e-09,unipolar depression,PCDHA4,5:140832953
rs3806843-<b>T</b>,1e-09,unipolar depression,PCDHA3,5:140832953
rs10830220-<b>C</b>,1e-09,unipolar depression,TYR,11:89140984
rs10830220-<b>C</b>,1e-09,unipolar depression,GRM5,11:89140984
rs1150313-<b>A</b>,1e-09,unipolar depression,GRM5,11:88962678
rs1038093-<b>?</b>,1e-09,unipolar depression,CD276,15:73720068
rs1038093-<b>?</b>,1e-09,unipolar depression,INSYN1,15:73720068
rs34328494-<b>T</b>,1e-09,unipolar depression,MSRA,8:10278537
rs2402273-<b>C</b>,2e-09,unipolar depression,CTTNBP2,7:117960370
rs45527431-<b>G</b>,2e-09,unipolar depression,ABT1,6:26599281
rs11614007-<b>?</b>,2e-09,unipolar depression,UNKNOWN,12:84104853
rs1322944-<b>A</b>,2e-09,unipolar depression,LINC01065,13:53109028
rs387627-<b>?</b>,2e-09,unipolar depression,ASIC2,17:33214699
rs11665070-<b>A</b>,2e-09,unipolar depression,MIR4318,18:37572600
rs11665070-<b>A</b>,2e-09,unipolar depression,CELF4,18:37572600
rs12713370-<b>A</b>,2e-09,unipolar depression,VRK2,2:57973613
rs28986306-<b>C</b>,2e-09,unipolar depression,GABBR1,6:29599538
rs147439337-<b>G</b>,2e-09,unipolar depression,HNRNPA1P1,6:27495848
rs147439337-<b>G</b>,2e-09,unipolar depression,ZNF184,6:27495848
rs56293203-<b>?</b>,2e-09,unipolar depression,MUC5B,11:1226857
rs6441175-<b>A</b>,2e-09,unipolar depression,RSRC1,3:158139321
rs301806-<b>T</b>,2e-09,unipolar depression,RERE,1:8422018
rs372519-<b>?</b>,2e-09,unipolar depression,ADARB1,21:45154639
rs586533-<b>T</b>,2e-09,unipolar depression,CNTN5,11:99649777
rs55834529-<b>G</b>,3.0000000000000004e-09,unipolar depression,UNKNOWN,Mapping not available
rs4904738-<b>C</b>,3.0000000000000004e-09,unipolar depression,LRFN5,14:41710529
rs10896636-<b>C</b>,3.0000000000000004e-09,unipolar depression,ZDHHC5,11:57680560
rs34215985-<b>G</b>,3.0000000000000004e-09,unipolar depression,SLC30A9,4:42045761
rs323509-<b>C</b>,3.0000000000000004e-09,unipolar depression,RNU6-334P,5:104746478
rs7430565-<b>G</b>,3.0000000000000004e-09,unipolar depression,RSRC1,3:158389391
rs72733826-<b>A</b>,3.0000000000000004e-09,unipolar depression,SEMA6D,15:47424966
rs9345737-<b>A</b>,3.0000000000000004e-09,unipolar depression,UNKNOWN,6:65967045
rs4480613-<b>T</b>,3.0000000000000004e-09,unipolar depression,UNKNOWN,12:84099287
rs9530139-<b>T</b>,3.0000000000000004e-09,unipolar depression,B3GLCT,13:31273187
rs10026036-<b>?</b>,4e-09,unipolar depression,CCSER1,4:90170619
rs2585399-<b>?</b>,4e-09,unipolar depression,PER1,17:8151441
rs1961639-<b>A</b>,4e-09,unipolar depression,SORCS3,10:104876239
chr14_75356855-<b>?</b>,4e-09,unipolar depression,UNKNOWN,Mapping not available
rs9323497-<b>T</b>,4e-09,unipolar depression,PLEK2,14:67406411
rs1475120-<b>G</b>,4e-09,unipolar depression,LIN28B,6:104942078
rs7548151-<b>A</b>,4e-09,unipolar depression,ASTN1,1:177057847
rs150027890-<b>?</b>,5e-09,unipolar depression,PGBD1,6:28308807
rs150027890-<b>?</b>,5e-09,unipolar depression,SMIM15P2,6:28308807
rs1656369-<b>A</b>,5e-09,unipolar depression,MLF1,3:158562296
rs1656369-<b>A</b>,5e-09,unipolar depression,RSRC1,3:158562296
rs6695867-<b>A</b>,5e-09,unipolar depression,RERE,1:8670720
rs12057031-<b>C</b>,5e-09,unipolar depression,UNKNOWN,9:25235065
rs10959913-<b>T</b>,5e-09,unipolar depression,UNKNOWN,9:11544964
rs35144506-<b>G</b>,5e-09,unipolar depression,UNKNOWN,6:26762393
rs12003380-<b>?</b>,5e-09,unipolar depression,CNTLN,9:17135436
rs57344483-<b>G</b>,5e-09,unipolar depression,UNKNOWN,11:127152665
rs11682175-<b>C</b>,5e-09,unipolar depression,ACTG1P22,2:57760458
rs75782365-<b>G</b>,6.000000000000001e-09,unipolar depression,BTN3A1,6:26408323
rs10929355-<b>G</b>,6.000000000000001e-09,unipolar depression,NBAS,2:15258840
rs6697602-<b>G</b>,6.000000000000001e-09,unipolar depression,ASTN1,1:177070236
rs950893-<b>G</b>,7.000000000000001e-09,unipolar depression,SLC25A37,8:23592997
rs950893-<b>G</b>,7.000000000000001e-09,unipolar depression,RNU4-71P,8:23592997
rs9545360-<b>C</b>,7.000000000000001e-09,unipolar depression,SPRY2,13:80252238
rs66975207-<b>C</b>,7.000000000000001e-09,unipolar depression,LINC00240,6:26974367
rs7504262-<b>G</b>,7.000000000000001e-09,unipolar depression,MIR4318,18:37580180
rs7504262-<b>G</b>,7.000000000000001e-09,unipolar depression,CELF4,18:37580180
rs609958-<b>T</b>,7.000000000000001e-09,unipolar depression,MFHAS1,8:8776038
rs609958-<b>T</b>,7.000000000000001e-09,unipolar depression,CLDN23,8:8776038
rs8063603-<b>G</b>,7.000000000000001e-09,unipolar depression,RBFOX1,16:6260644
rs4869056-<b>G</b>,7.000000000000001e-09,unipolar depression,TENM2,5:167565073
rs116755193-<b>C</b>,7.000000000000001e-09,unipolar depression,LINC02240,5:124916190
rs12552-<b>G</b>,8e-09,unipolar depression,OLFM4,13:53051646
rs3799380-<b>T</b>,8e-09,unipolar depression,BTN2A1,6:26466954
rs301795-<b>A</b>,8e-09,unipolar depression,RERE,1:8407293
rs77741769-<b>T</b>,8e-09,unipolar depression,HNF1A-AS1,12:120926032
rs77741769-<b>T</b>,8e-09,unipolar depression,RPL12P33,12:120926032
rs5758265-<b>A</b>,8e-09,unipolar depression,L3MBTL2-AS1,22:41221893
rs5758265-<b>A</b>,8e-09,unipolar depression,L3MBTL2,22:41221893
rs10786831-<b>G</b>,8e-09,unipolar depression,SORCS3,10:104854813
rs6019826-<b>T</b>,9.000000000000001e-09,unipolar depression,KCNB1,20:49426433
rs12155745-<b>G</b>,9.000000000000001e-09,unipolar depression,BLK,8:11504768
rs7856424-<b>C</b>,9.000000000000001e-09,unipolar depression,ASTN2,9:116971316
rs3131781-<b>G</b>,9.000000000000001e-09,unipolar depression,NAPGP2,6:30969955
rs3131781-<b>G</b>,9.000000000000001e-09,unipolar depression,MUC21,6:30969955
rs17727765-<b>C</b>,9.000000000000001e-09,unipolar depression,CRYBA1,17:29249944
rs62099069-<b>T</b>,1e-08,unipolar depression,MIR924HG,18:39303773
rs1466887-<b>C</b>,1e-08,unipolar depression,RNA5SP43,1:37243727
rs1466887-<b>C</b>,1e-08,unipolar depression,RNU6-636P,1:37243727
rs2596505-<b>T</b>,1e-08,unipolar depression,HLA-B,6:31351008
rs2596505-<b>T</b>,1e-08,unipolar depression,LINC02571,6:31351008
rs8097498-<b>G</b>,1e-08,unipolar depression,LINC01415,18:55782436
rs8097498-<b>G</b>,1e-08,unipolar depression,LINC01416,18:55782436
rs146446086-<b>A</b>,1e-08,unipolar depression,SGPP2,2:222458017
rs913930-<b>?</b>,1e-08,unipolar depression,TLR4,9:117721731
rs779-<b>?</b>,1e-08,unipolar depression,FAM189A1,15:29564034
rs10274968-<b>T</b>,1e-08,unipolar depression,VPS41,7:38899654
rs1457257-<b>G</b>,1e-08,unipolar depression,UNKNOWN,15:37455148
rs2717046-<b>T</b>,1e-08,unipolar depression,VRK2,2:57814801
rs2717046-<b>T</b>,1e-08,unipolar depression,ACTG1P22,2:57814801
rs56211578-<b>?</b>,1e-08,unipolar depression,RNF103-CHMP3,2:86569839
rs1261070-<b>A</b>,1e-08,unipolar depression,TCF4,18:55235854
rs66511648-<b>?</b>,1e-08,unipolar depression,UNKNOWN,3:117796672
rs61935769-<b>?</b>,1e-08,unipolar depression,ATP23,12:57900561
rs61935769-<b>?</b>,1e-08,unipolar depression,CTDSP2,12:57900561
rs4883777-<b>T</b>,1e-08,unipolar depression,PCDH9,13:66400574
rs4543289-<b>T</b>,1e-08,unipolar depression,UNKNOWN,5:165057942
rs1656369-<b>T</b>,1e-08,unipolar depression,MLF1,3:158562296
rs1656369-<b>T</b>,1e-08,unipolar depression,RSRC1,3:158562296
rs12065553-<b>G</b>,1e-08,unipolar depression,HMGB1P18,1:80327433
rs6476606-<b>G</b>,1e-08,unipolar depression,PAX5,9:37005564
rs6882046-<b>A</b>,1e-08,unipolar depression,LINC00461,5:88673046
rs17828731-<b>T</b>,1e-08,unipolar depression,LINC02882,12:73941576
rs10127497-<b>T</b>,1e-08,unipolar depression,SGIP1,1:66584461
rs6012575-<b>?</b>,1e-08,unipolar depression,ARFGEF2,20:48981960
rs12666117-<b>A</b>,1e-08,unipolar depression,UNKNOWN,7:109465554
rs236346-<b>T</b>,1e-08,unipolar depression,PPIL1,6:36864327
rs1021363-<b>G</b>,1e-08,unipolar depression,SORCS3,10:104851081
rs2389016-<b>T</b>,1e-08,unipolar depression,HMGB1P18,1:80333644
rs9368649-<b>A</b>,1e-08,unipolar depression,MUC21,6:30971106
rs9368649-<b>A</b>,1e-08,unipolar depression,NAPGP2,6:30971106
rs4261101-<b>G</b>,1e-08,unipolar depression,RNU6-695P,1:90330495
rs848293-<b>A</b>,2e-08,unipolar depression,VRK2,2:58155355
rs11663393-<b>A</b>,2e-08,unipolar depression,DCC,18:53088362
rs10811965-<b>T</b>,2e-08,unipolar depression,ELAVL2,9:23741280
rs34727251-<b>?</b>,2e-08,unipolar depression,SGCZ,8:14384087
rs1151849-<b>A</b>,2e-08,unipolar depression,SPPL3,12:120902796
rs12376738-<b>T</b>,2e-08,unipolar depression,FAM120A,9:93539518
rs1413573-<b>A</b>,2e-08,unipolar depression,PCDH9,13:66377697
rs146791497-<b>?</b>,2e-08,unipolar depression,RPL11P5,12:120626228
rs146791497-<b>?</b>,2e-08,unipolar depression,CABP1,12:120626228
rs1427027-<b>T</b>,2e-08,unipolar depression,RPL12P40,18:37666359
rs1427027-<b>T</b>,2e-08,unipolar depression,MIR4318,18:37666359
rs13218591-<b>T</b>,2e-08,unipolar depression,BTN3A2,6:26376604
rs3785234-<b>T</b>,2e-08,unipolar depression,RBFOX1,16:7617390
rs4799936-<b>A</b>,2e-08,unipolar depression,CELF4,18:37524865
rs4478037-<b>A</b>,2e-08,unipolar depression,CRTAP,3:33118915
rs7170398-<b>T</b>,2e-08,unipolar depression,LINGO1,15:77775291
rs578174-<b>A</b>,2e-08,unipolar depression,CHORDC1,11:90226469
rs578174-<b>A</b>,2e-08,unipolar depression,DISC1FP1,11:90226469
rs17651119-<b>C</b>,2e-08,unipolar depression,MYO10,5:16812529
rs11681373-<b>?</b>,2e-08,unipolar depression,ZNF804A,2:184921064
rs11124319-<b>A</b>,2e-08,unipolar depression,UNKNOWN,2:22212484
rs263575-<b>A</b>,2e-08,unipolar depression,RN7SL720P,9:17033842
rs10805794-<b>?</b>,2e-08,unipolar depression,CDH9,5:27024429
rs5011432-<b>C</b>,2e-08,unipolar depression,TMEM106B,7:12229042
rs73117594-<b>T</b>,2e-08,unipolar depression,MRPS17P3,3:78544763
rs73117594-<b>T</b>,2e-08,unipolar depression,ROBO1,3:78544763
rs9611460-<b>T</b>,2e-08,unipolar depression,RBX1,22:41022293
rs9611460-<b>T</b>,2e-08,unipolar depression,Y_RNA,22:41022293
rs66511648-<b>C</b>,2e-08,unipolar depression,UNKNOWN,3:117796672
rs7775835-<b>T</b>,2e-08,unipolar depression,LINC00533,6:28710580
rs7775835-<b>T</b>,2e-08,unipolar depression,RPSAP2,6:28710580
rs7505145-<b>A</b>,2e-08,unipolar depression,DCC,18:53185406
rs775766-<b>A</b>,2e-08,unipolar depression,ROBO2,3:77542041
rs2806985-<b>C</b>,2e-08,unipolar depression,LINC01065,13:53103588
rs112348907-<b>G</b>,2e-08,unipolar depression,KCNQ5,6:72878230
rs7534271-<b>?</b>,3.0000000000000004e-08,unipolar depression,TAL1,1:47228309
rs9427672-<b>G</b>,3.0000000000000004e-08,unipolar depression,C1orf53,1:197785611
rs9427672-<b>G</b>,3.0000000000000004e-08,unipolar depression,DENND1B,1:197785611
rs1946473-<b>A</b>,3.0000000000000004e-08,unipolar depression,CDH9,5:26972576
rs149735550-<b>T</b>,3.0000000000000004e-08,unipolar depression,DCC,18:52866733
rs1706497-<b>T</b>,3.0000000000000004e-08,unipolar depression,LINC02824,12:126713136
rs7029033-<b>T</b>,3.0000000000000004e-08,unipolar depression,DENND1A,9:123919789
rs645592-<b>T</b>,3.0000000000000004e-08,unipolar depression,TYR,11:89271726
rs10950398-<b>A</b>,3.0000000000000004e-08,unipolar depression,TMEM106B,7:12225245
rs4074723-<b>C</b>,3.0000000000000004e-08,unipolar depression,SOX5,12:23794803
rs4143229-<b>C</b>,3.0000000000000004e-08,unipolar depression,ENOX1,13:43753663
rs7526682-<b>G</b>,3.0000000000000004e-08,unipolar depression,LPGAT1,1:211800608
rs7589705-<b>?</b>,3.0000000000000004e-08,unipolar depression,NRXN1,2:50868364
rs12963231-<b>A</b>,3.0000000000000004e-08,unipolar depression,LINC01929,18:55100746
rs10987507-<b>?</b>,3.0000000000000004e-08,unipolar depression,ZBTB34,9:126865681
rs9402472-<b>A</b>,3.0000000000000004e-08,unipolar depression,TRIM26,6:99118645
rs9402472-<b>A</b>,3.0000000000000004e-08,unipolar depression,MIR548AI,6:99118645
rs12073845-<b>T</b>,3.0000000000000004e-08,unipolar depression,HMGB1P18,1:80332225
rs117319730-<b>C</b>,3.0000000000000004e-08,unipolar depression,SEMA6D,15:47400457
rs67436663-<b>G</b>,3.0000000000000004e-08,unipolar depression,NCOA2,8:70435391
rs67436663-<b>G</b>,3.0000000000000004e-08,unipolar depression,RN7SL203P,8:70435391
rs11688767-<b>A</b>,3.0000000000000004e-08,unipolar depression,ACTG1P22,2:57761059
rs12889665-<b>G</b>,3.0000000000000004e-08,unipolar depression,YLPM1,14:74768127
rs1833288-<b>A</b>,3.0000000000000004e-08,unipolar depression,RAB27B,18:54850675
rs11599236-<b>T</b>,3.0000000000000004e-08,unipolar depression,SORCS3,10:104694914
rs11643192-<b>A</b>,3.0000000000000004e-08,unipolar depression,LINC01572,16:72180377
rs11643192-<b>A</b>,3.0000000000000004e-08,unipolar depression,PMFBP1,16:72180377
rs11577545-<b>T</b>,3.0000000000000004e-08,unipolar depression,ITPKB,1:226611382
rs11577545-<b>T</b>,3.0000000000000004e-08,unipolar depression,STUM,1:226611382
rs159963-<b>C</b>,3.0000000000000004e-08,unipolar depression,RERE,1:8444361
rs12054895-<b>T</b>,3.0000000000000004e-08,unipolar depression,EDIL3,5:27611324
rs2715157-<b>?</b>,3.0000000000000004e-08,unipolar depression,PCLO,7:82839058
rs2125716-<b>G</b>,3.0000000000000004e-08,unipolar depression,UNKNOWN,12:84547650
rs2422321-<b>G</b>,3.0000000000000004e-08,unipolar depression,LINC02797,1:72827710
rs6483414-<b>C</b>,3.0000000000000004e-08,unipolar depression,GRM5,11:88744046
rs28541419-<b>G</b>,3.0000000000000004e-08,unipolar depression,MRPL46,15:88402647
rs6679379-<b>T</b>,3.0000000000000004e-08,unipolar depression,SGIP1,1:66733473
rs11646401-<b>G</b>,4e-08,unipolar depression,METTL9,16:21598657
rs6687024-<b>T</b>,4e-08,unipolar depression,RPL31P12,1:72359177
rs6687024-<b>T</b>,4e-08,unipolar depression,RNU6-1246P,1:72359177
rs8181889-<b>A</b>,4e-08,unipolar depression,OLFM4,13:53039855
rs17487383-<b>C</b>,4e-08,unipolar depression,SOX5,12:24126651
rs7044150-<b>T</b>,4e-08,unipolar depression,CARM1P1,9:2982931
rs61997596-<b>A</b>,4e-08,unipolar depression,TDRD9,14:104044869
rs4801157-<b>T</b>,4e-08,unipolar depression,TCF4,18:55497462
rs6424532-<b>A</b>,4e-08,unipolar depression,RN7SKP19,1:73198339
rs926552-<b>G</b>,4e-08,unipolar depression,GABBR1,6:29580312
rs2056477-<b>C</b>,4e-08,unipolar depression,MAD1L1,7:2040109
rs2721811-<b>A</b>,4e-08,unipolar depression,GSDME,7:24709810
rs9623320-<b>A</b>,4e-08,unipolar depression,ACTBP15,22:41082478
rs9623320-<b>A</b>,4e-08,unipolar depression,MIR1281,22:41082478
rs55650481-<b>?</b>,4e-08,unipolar depression,SAMD3,6:130261370
rs11629621-<b>C</b>,4e-08,unipolar depression,LINGO1,15:77788395
rs6066975-<b>A</b>,4e-08,unipolar depression,STAU1,20:49133840
rs11515172-<b>T</b>,4e-08,unipolar depression,UNKNOWN,9:11256041
rs6442260-<b>A</b>,5e-08,unipolar depression,ATG7,3:11549277
rs1625792-<b>G</b>,5e-08,unipolar depression,HLA-B,6:31338643
rs1625792-<b>G</b>,5e-08,unipolar depression,LINC02571,6:31338643
rs10065906-<b>C</b>,5e-08,unipolar depression,UNKNOWN,5:159580770
rs935526-<b>T</b>,5e-08,unipolar depression,ROBO2,3:77510866
rs6562505-<b>A</b>,5e-08,unipolar depression,UNKNOWN,13:67627955
rs10960103-<b>G</b>,5e-08,unipolar depression,JKAMPP1,9:11699270
rs10960103-<b>G</b>,5e-08,unipolar depression,AKAP8P1,9:11699270
rs1867368-<b>C</b>,5e-08,unipolar depression,ZNF646P1,13:53329376
rs1867368-<b>C</b>,5e-08,unipolar depression,RN7SL618P,13:53329376
rs3094146-<b>G</b>,5e-08,unipolar depression,ZNRD1ASP,6:30003183
chr3_44287760-<b>?</b>,5e-08,unipolar depression,UNKNOWN,Mapping not available
rs1452788-<b>A</b>,5e-08,unipolar depression,TCF4,18:55450073
rs11210111-<b>A</b>,5e-08,unipolar depression,KRT8P21,1:73050889
rs33431-<b>T</b>,5e-08,unipolar depression,ZNF536,19:30449082
rs138272922-<b>C</b>,5e-08,unipolar depression,THRB,3:24256536
rs2592105-<b>?</b>,5e-08,unipolar depression,GIGYF2,2:232781258
rs17792983-<b>T</b>,6.000000000000001e-08,unipolar depression,SIM1,6:100363657
rs12667733-<b>G</b>,6.000000000000001e-08,unipolar depression,UNKNOWN,7:19365025
rs9838374-<b>T</b>,6.000000000000001e-08,unipolar depression,OPA1,3:193598916
rs10959926-<b>C</b>,6.000000000000001e-08,unipolar depression,UNKNOWN,9:11553382
rs78562453-<b>?</b>,6.000000000000001e-08,unipolar depression,MAB21L4,2:240891738
rs10809385-<b>A</b>,6.000000000000001e-08,unipolar depression,UNKNOWN,9:11208995
rs12967143-<b>C</b>,6.000000000000001e-08,unipolar depression,TCF4,18:55431781
rs12943181-<b>C</b>,6.000000000000001e-08,unipolar depression,WIPI1,17:68428200
rs62195769-<b>A</b>,6.000000000000001e-08,unipolar depression,DIRC3,2:183618431
rs62195769-<b>A</b>,6.000000000000001e-08,unipolar depression,CACYBPP2,2:183618431
rs6131010-<b>G</b>,7e-08,unipolar depression,NCOA5,20:46095666
rs6131010-<b>G</b>,7e-08,unipolar depression,RPL13P2,20:46095666
rs73474148-<b>C</b>,7e-08,unipolar depression,UNKNOWN,9:25236861
rs12932870-<b>T</b>,7e-08,unipolar depression,UNKNOWN,16:13696499
rs11599236-<b>C</b>,8e-08,unipolar depression,SORCS3,10:104694914
"rs7893291-<b>C</b>, rs10904299-<b>A</b>, rs11252672-<b>G</b>, rs1901632-<b>A</b>, rs11252715-<b>G</b>, rs11818567-<b>A</b>, rs11252622-<b>G</b>, rs7906409-<b>A</b>, rs416990-<b>A</b>, rs10904323-<b>G</b>, rs1039197-<b>C</b>, rs12251644-<b>C</b>, rs10795187-<b>A</b>, rs313452-<b>C</b>, rs4881340-<b>A</b>, rs11252688-<b>A</b>, rs12775823-<b>A</b>, rs7896112-<b>G</b>, rs10508287-<b>A</b>, rs1838238-<b>A</b>, rs11252674-<b>G</b>, rs313462-<b>G</b>, rs12413638-<b>G</b>, rs2165953-<b>G</b>, rs313435-<b>G</b>, rs2028690-<b>A</b>, rs11252631-<b>G</b>, rs10508290-<b>G</b>, rs387673-<b>G</b>, rs11252679-<b>A</b>, rs372744-<b>A</b>, rs10904321-<b>G</b>, rs10904300-<b>A</b>, rs10904328-<b>G</b>, rs1008042-<b>A</b>, rs1498273-<b>A</b>, rs2088500-<b>G</b>, rs17297024-<b>G</b>, rs7082636-<b>A</b>, rs7900146-<b>A</b>, rs17133585-<b>A</b>, rs313500-<b>G</b>, rs11598678-<b>C</b>, rs2397839-<b>A</b>, rs11252717-<b>G</b>, rs11814411-<b>A</b>, rs10904333-<b>G</b>, rs1498274-<b>A</b>, rs745782-<b>A</b>, rs433430-<b>G</b>, rs2647337-<b>A</b>, rs2123348-<b>G</b>, rs7899916-<b>G</b>, rs10904319-<b>A</b>, rs2894969-<b>G</b>, rs17372054-<b>G</b>, rs569744-<b>G</b>, rs7089195-<b>A</b>, rs374802-<b>G</b>, rs17298157-<b>G</b>, rs7068675-<b>C</b>, rs11252615-<b>A</b>, rs12357812-<b>A</b>, rs313451-<b>A</b>, rs715987-<b>A</b>, rs313445-<b>A</b>, rs1869210-<b>A</b>, rs7080649-<b>A</b>, rs10458787-<b>G</b>, rs1353703-<b>A</b>, rs1838239-<b>G</b>, rs11252607-<b>G</b>, rs7096965-<b>G</b>, rs313438-<b>A</b>, rs10904332-<b>C</b>, rs4146653-<b>A</b>, rs6601855-<b>G</b>, rs11596789-<b>A</b>, rs313455-<b>G</b>, rs1391511-<b>G</b>, rs12255709-<b>A</b>, rs381443-<b>A</b>, rs6601853-<b>G</b>, rs7916170-<b>G</b>, rs17133449-<b>G</b>, rs1443852-<b>A</b>, rs1498271-<b>A</b>, rs10508288-<b>A</b>, rs9423544-<b>A</b>, rs313430-<b>A</b>, rs10904290-<b>A</b>, rs167511-<b>A</b>",8e-08,unipolar depression,LINC00705 - AKR1E2; No mapped genes; No mapped genes; No mapped genes; No mapped genes; No mapped genes; No mapped genes; No mapped genes; No mapped genes; LINC00705 - AKR1E2; No mapped genes; No mapped genes; No mapped genes; No mapped genes; No mapped genes; No mapped genes; No mapped genes; No mapped genes; No mapped genes; No mapped genes; No mapped genes; No mapped genes; No mapped genes; MANCR; LINC00705; No mapped genes; No mapped genes; No mapped genes; No mapped genes; No mapped genes; No mapped genes; No mapped genes; No mapped genes; No mapped genes; No mapped genes; No mapped genes; No mapped genes; No mapped genes; No mapped genes; No mapped genes; No mapped genes; No mapped genes; No mapped genes; No mapped genes; No mapped genes; No mapped genes; No mapped genes; No mapped genes; No mapped genes; No mapped genes; No mapped genes; No mapped genes; No mapped genes; No mapped genes; No mapped genes; No mapped genes; No mapped genes; No mapped genes; No mapped genes; No mapped genes; No mapped genes; No mapped genes; No mapped genes; No mapped genes; No mapped genes; No mapped genes; No mapped genes; No mapped genes; No mapped genes; No mapped genes; No mapped genes; No mapped genes; No mapped genes; No mapped genes; No mapped genes; No mapped genes; No mapped genes; No mapped genes; No mapped genes; No mapped genes; No mapped genes; No mapped genes; No mapped genes; No mapped genes; No mapped genes; No mapped genes; No mapped genes; No mapped genes; No mapped genes; No mapped genes; No mapped genes; No mapped genes; No mapped genes,10:4769511|10:4706048|10:4674350
rs56116032-<b>G</b>,8e-08,unipolar depression,UNKNOWN,9:11453149
rs161645-<b>A</b>,8e-08,unipolar depression,RNU6-334P,5:104734216
rs620339-<b>T</b>,8e-08,unipolar depression,DCDC1,11:30830509
rs736840-<b>G</b>,8e-08,unipolar depression,LINC01645,1:177393877
rs6065333-<b>C</b>,9e-08,unipolar depression,ZHX3,20:41329322
rs6065333-<b>C</b>,9e-08,unipolar depression,ADI1P1,20:41329322
rs9648182-<b>A</b>,9e-08,unipolar depression,UNKNOWN,7:13755224
rs111945524-<b>T</b>,9e-08,unipolar depression,FHL2,2:105482561
rs1210358-<b>A</b>,9e-08,unipolar depression,RSRC1,3:158310697
rs4936275-<b>T</b>,1e-07,unipolar depression,DRD2,11:113494362
rs11877758-<b>G</b>,1e-07,unipolar depression,CELF4,18:37558147
rs4653218-<b>C</b>,1e-07,unipolar depression,GRIK3,1:36731718
rs1478461-<b>T</b>,1e-07,unipolar depression,METTL9,16:21599483
rs28894081-<b>A</b>,1e-07,unipolar depression,HLA-E,6:30514699
rs28894081-<b>A</b>,1e-07,unipolar depression,LINC02569,6:30514699
rs218987-<b>T</b>,1e-07,unipolar depression,GRIK3,1:36701732
rs218987-<b>T</b>,1e-07,unipolar depression,FTLP18,1:36701732
rs7219015-<b>C</b>,1e-07,unipolar depression,PAFAH1B1,17:2652298
rs143502921-<b>C</b>,1e-07,unipolar depression,CDH4,20:61252175
rs2759663-<b>G</b>,1e-07,unipolar depression,CRB1,1:197415296
rs1133152-<b>A</b>,1e-07,unipolar depression,TMEM161B,5:88189247
rs12118513-<b>A</b>,1e-07,unipolar depression,DENND1B,1:197547956
rs3131115-<b>C</b>,1e-07,unipolar depression,LINC02569,6:30501014
rs3131115-<b>C</b>,1e-07,unipolar depression,HLA-E,6:30501014
rs2945451-<b>T</b>,1e-07,unipolar depression,LINC01965,2:103852954
rs143916815-<b>G</b>,1e-07,unipolar depression,C15orf54,15:39191714
rs143916815-<b>G</b>,1e-07,unipolar depression,LINC02694,15:39191714
rs7897478-<b>A</b>,1e-07,unipolar depression,JCAD,10:29945955
rs10148293-<b>G</b>,1e-07,unipolar depression,YLPM1,14:74830128
rs10243383-<b>T</b>,1e-07,unipolar depression,RAPGEF5,7:22242733
rs4801146-<b>C</b>,1e-07,unipolar depression,TCF4,18:55173694
rs4801146-<b>C</b>,1e-07,unipolar depression,RNA5SP459,18:55173694
rs17077540-<b>G</b>,2e-07,unipolar depression,DSEL-AS1,18:67618042
rs35514087-<b>G</b>,2e-07,unipolar depression,UNKNOWN,5:136696864
rs115319209-<b>G</b>,2e-07,unipolar depression,LINC01220,14:75298968
rs144213213-<b>C</b>,2e-07,unipolar depression,UNKNOWN,14:84015812
rs56366527-<b>A</b>,2e-07,unipolar depression,LINC01016,6:33838164
rs56366527-<b>A</b>,2e-07,unipolar depression,MLN,6:33838164
rs114969316-<b>A</b>,2e-07,unipolar depression,UNKNOWN,6:88460643
rs12129942-<b>T</b>,2e-07,unipolar depression,LINC02797,1:72843399
rs4289855-<b>T</b>,2e-07,unipolar depression,CHD7,8:60799811
rs4971040-<b>C</b>,2e-07,unipolar depression,PSMB4,1:151394018
rs4971040-<b>C</b>,2e-07,unipolar depression,SELENBP1,1:151394018
rs115736167-<b>C</b>,2e-07,unipolar depression,PKLR,1:155296818
rs568799986-<b>T</b>,2e-07,unipolar depression,LINC01645,1:177469985
rs17641524-<b>T</b>,2e-07,unipolar depression,DENND1B,1:197735587
rs28672333-<b>A</b>,2e-07,unipolar depression,PIP,7:143129705
rs28672333-<b>A</b>,2e-07,unipolar depression,OR6W1P,7:143129705
rs72948529-<b>C</b>,2e-07,unipolar depression,MTND2P23,2:211777265
rs72948529-<b>C</b>,2e-07,unipolar depression,ERBB4,2:211777265
rs7635184-<b>A</b>,2e-07,unipolar depression,ERC2,3:56192013
rs10035449-<b>C</b>,2e-07,unipolar depression,UNKNOWN,5:165059061
rs113485090-<b>A</b>,2e-07,unipolar depression,MRPL48,11:73861450
rs1452787-<b>G</b>,2e-07,unipolar depression,TCF4,18:55539976
rs2956278-<b>G</b>,2e-07,unipolar depression,UNKNOWN,12:84304455
rs11033303-<b>A</b>,2e-07,unipolar depression,TRIM44,11:35849716
rs11033303-<b>A</b>,2e-07,unipolar depression,KRT18P14,11:35849716
rs138879850-<b>T</b>,2e-07,unipolar depression,TMEM229A,7:124043151
rs4713145-<b>?</b>,2e-07,unipolar depression,ZKSCAN8,6:28139049
rs4713145-<b>?</b>,2e-07,unipolar depression,ZSCAN16-AS1,6:28139049
rs3897746-<b>G</b>,2e-07,unipolar depression,SPPL3,12:120886924
rs9298467-<b>T</b>,2e-07,unipolar depression,PCMTD1,8:51894122
rs4339373-<b>T</b>,2e-07,unipolar depression,UNKNOWN,5:165056066
rs2228246-<b>G</b>,3e-07,unipolar depression,PLCG1,20:41163423
rs57679688-<b>T</b>,3e-07,unipolar depression,RNU6-706P,18:39041098
rs2546057-<b>A</b>,3e-07,unipolar depression,RN7SL150P,19:33829949
rs2546057-<b>A</b>,3e-07,unipolar depression,KCTD15,19:33829949
rs3788338-<b>G</b>,3e-07,unipolar depression,RSPH14,22:23069879
rs7174755-<b>C</b>,3e-07,unipolar depression,ITGA11,15:68304789
rs10521261-<b>T</b>,3e-07,unipolar depression,CASC22,16:52266343
rs17377987-<b>G</b>,3e-07,unipolar depression,MEI1,22:41774931
rs537160-<b>G</b>,3e-07,unipolar depression,CFB,6:31948623
rs578174-<b>G</b>,3e-07,unipolar depression,CHORDC1,11:90226469
rs578174-<b>G</b>,3e-07,unipolar depression,DISC1FP1,11:90226469
rs8050326-<b>A</b>,3e-07,unipolar depression,UNKNOWN,16:86070536
"rs9486815-<b>G</b>, rs4245535-<b>G</b>, rs17069173-<b>A</b>, rs9374021-<b>G</b>, rs9374007-<b>A</b>, rs9386694-<b>A</b>, rs9374002-<b>G</b>, rs218289-<b>A</b>, rs1064346-<b>A</b>, rs9374013-<b>G</b>, rs6921166-<b>G</b>, rs12567-<b>A</b>, rs4332013-<b>A</b>, rs2001144-<b>A</b>, rs17069274-<b>A</b>, rs218294-<b>A</b>, rs6919324-<b>G</b>, rs4946900-<b>G</b>, rs7769514-<b>A</b>, rs2097525-<b>G</b>, rs9400180-<b>G</b>, rs7769535-<b>A</b>, rs9320250-<b>A</b>, rs9372177-<b>A</b>, rs2027876-<b>G</b>, rs17069204-<b>A</b>, rs12180499-<b>A</b>",3e-07,unipolar depression,OSTM1; OSTM1-AS1; No mapped genes; No mapped genes; No mapped genes; No mapped genes; No mapped genes; No mapped genes; No mapped genes; No mapped genes; No mapped genes; No mapped genes; No mapped genes; No mapped genes; No mapped genes; No mapped genes; No mapped genes; No mapped genes; No mapped genes; No mapped genes; No mapped genes; No mapped genes; No mapped genes; No mapped genes; No mapped genes; No mapped genes; No mapped genes; No mapped genes,6:108126842
rs2043187-<b>A</b>,3e-07,unipolar depression,DCC,18:52868035
rs4585146-<b>A</b>,3e-07,unipolar depression,FGF12,3:192100853
rs4585146-<b>A</b>,3e-07,unipolar depression,RN7SKP222,3:192100853
rs564483817-<b>C</b>,3e-07,unipolar depression,LINC01938,5:165239475
rs1558477-<b>?</b>,3e-07,unipolar depression,ADCYAP1R1,7:31115733
rs10447426-<b>A</b>,3e-07,unipolar depression,DDO,6:110400547
rs76736233-<b>C</b>,3e-07,unipolar depression,ADH5P4,6:65936845
rs11068917-<b>C</b>,3e-07,unipolar depression,TAOK3,12:118353315
rs11123030-<b>C</b>,3e-07,unipolar depression,CNTNAP5,2:124218586
rs34187563-<b>T</b>,3e-07,unipolar depression,ASIC2,17:33399144
rs9487114-<b>C</b>,3e-07,unipolar depression,MICAL1,6:109460597
rs1791684-<b>G</b>,3e-07,unipolar depression,CCS,11:66601740
rs115054458-<b>?</b>,3e-07,unipolar depression,TRIO,5:14488019
rs17538444-<b>T</b>,4e-07,unipolar depression,ENOX1,13:43260134
rs3115631-<b>?</b>,4e-07,unipolar depression,ZNRD1ASP,6:30018547
rs12410462-<b>A</b>,4e-07,unipolar depression,BTF3P9,1:227480089
rs12410462-<b>A</b>,4e-07,unipolar depression,TUBB8P10,1:227480089
rs2828520-<b>G</b>,4e-07,unipolar depression,UNKNOWN,21:23770802
rs34071114-<b>T</b>,4e-07,unipolar depression,SLC25A5P1,22:42000886
rs34071114-<b>T</b>,4e-07,unipolar depression,WBP2NL,22:42000886
rs6818069-<b>G</b>,4e-07,unipolar depression,UNKNOWN,4:130232015
rs3129120-<b>?</b>,4e-07,unipolar depression,OR2J2,6:29143998
rs3129120-<b>?</b>,4e-07,unipolar depression,OR2J3,6:29143998
rs149415148-<b>G</b>,4e-07,unipolar depression,LINC01395,11:129576071
rs149415148-<b>G</b>,4e-07,unipolar depression,RPS27P20,11:129576071
rs1380551-<b>A</b>,4e-07,unipolar depression,PWRN4,15:23879557
rs62544433-<b>G</b>,4e-07,unipolar depression,SPINK4,9:33215364
rs62544433-<b>G</b>,4e-07,unipolar depression,B4GALT1-AS1,9:33215364
rs76782312-<b>C</b>,4e-07,unipolar depression,AK9,6:109643865
rs1806152-<b>T</b>,4e-07,unipolar depression,PAUPAR,11:31829493
rs117911063-<b>T</b>,4e-07,unipolar depression,CDC42BPB,14:103037856
rs748441912-<b>?</b>,5e-07,unipolar depression,KRBA1,7:149733387
rs521048-<b>G</b>,5e-07,unipolar depression,SUDS3,12:118393153
rs830716-<b>C</b>,5e-07,unipolar depression,SNX29,16:12229652
rs4475190-<b>C</b>,5e-07,unipolar depression,LINC00499,4:138715045
rs12415800-<b>A</b>,5e-07,unipolar depression,RNU6-523P,10:67864422
rs12415800-<b>A</b>,5e-07,unipolar depression,RPL12P8,10:67864422
rs1765516-<b>A</b>,5e-07,unipolar depression,DPT,1:168736051
rs1765516-<b>A</b>,5e-07,unipolar depression,LINC00626,1:168736051
rs117225626-<b>T</b>,5e-07,unipolar depression,NPAP1L,16:60321124
rs2028526-<b>C</b>,5e-07,unipolar depression,RNU6-334P,5:104430453
rs2028526-<b>C</b>,5e-07,unipolar depression,LINC02163,5:104430453
rs3135296-<b>?</b>,5e-07,unipolar depression,NOP56P1,6:28828079
rs3135296-<b>?</b>,5e-07,unipolar depression,LINC01623,6:28828079
rs9432230-<b>C</b>,5e-07,unipolar depression,C1orf198,1:230882365
rs9432230-<b>C</b>,5e-07,unipolar depression,RN7SL837P,1:230882365
rs9991694-<b>C</b>,5e-07,unipolar depression,PLAC8,4:83078972
rs9991694-<b>C</b>,5e-07,unipolar depression,COPS4,4:83078972
rs62001028-<b>?</b>,5e-07,unipolar depression,BCAR3,1:93589086
rs28732092-<b>T</b>,5e-07,unipolar depression,RNU6-1133P,6:31084855
rs28732092-<b>T</b>,5e-07,unipolar depression,C6orf15,6:31084855
rs7512599-<b>A</b>,5e-07,unipolar depression,CAMTA1,1:7255971
rs144369419-<b>T</b>,5e-07,unipolar depression,UNKNOWN,7:153124547
rs16841842-<b>C</b>,5e-07,unipolar depression,DENND1B,1:197642552
rs143696449-<b>?</b>,5e-07,unipolar depression,ANO8,19:17324842
rs4906349-<b>G</b>,5e-07,unipolar depression,KLC1,14:103624778
rs4455170-<b>T</b>,5e-07,unipolar depression,UNKNOWN,2:160633619
rs116842147-<b>T</b>,6e-07,unipolar depression,UFL1-AS1,6:96479972
rs12912233-<b>T</b>,6e-07,unipolar depression,RORA,15:60974897
rs68006638-<b>A</b>,6e-07,unipolar depression,H2AC1,6:25710343
rs68006638-<b>A</b>,6e-07,unipolar depression,SCGN,6:25710343
rs1900599-<b>A</b>,6e-07,unipolar depression,LRFN5,14:41671998
rs142383097-<b>A</b>,6e-07,unipolar depression,DFFA,1:10461101
rs117352232-<b>A</b>,6e-07,unipolar depression,CCDC26,8:128887048
rs272440-<b>G</b>,6e-07,unipolar depression,MGAT4B,5:179801623
rs10762080-<b>G</b>,6e-07,unipolar depression,CTNNA3,10:66637687
rs2736155-<b>C</b>,6e-07,unipolar depression,PRRC2A,6:31637422
rs6487668-<b>C</b>,7e-07,unipolar depression,PZP,12:9200312
rs535355-<b>G</b>,7e-07,unipolar depression,MAGI2,7:78841329
rs1106634-<b>A</b>,7e-07,unipolar depression,ATP6V1B2,8:20208538
rs10070411-<b>A</b>,7e-07,unipolar depression,FER,5:109111647
rs12189861-<b>A</b>,7e-07,unipolar depression,DCDC2,6:24274224
rs150952348-<b>?</b>,7e-07,unipolar depression,UNC13D,17:75828078
rs9919557-<b>T</b>,7e-07,unipolar depression,NCAM1,11:113006686
rs10767735-<b>C</b>,7e-07,unipolar depression,LINC02758,11:28621014
rs10767735-<b>C</b>,7e-07,unipolar depression,METTL15,11:28621014
rs10890045-<b>C</b>,7e-07,unipolar depression,UNKNOWN,1:73531941
rs139146062-<b>T</b>,7e-07,unipolar depression,STK17B,2:196094898
rs139146062-<b>T</b>,7e-07,unipolar depression,DNAH7,2:196094898
rs60545357-<b>C</b>,7e-07,unipolar depression,ATP5MG,11:118410703
rs17692896-<b>A</b>,7e-07,unipolar depression,ANKRD27,19:32598525
rs2964802-<b>T</b>,7e-07,unipolar depression,DAP-DT,5:10820731
rs77685443-<b>T</b>,7e-07,unipolar depression,RNU6-788P,3:23634522
rs77685443-<b>T</b>,7e-07,unipolar depression,RNU6-922P,3:23634522
rs6466512-<b>A</b>,8e-07,unipolar depression,LINC01392,7:115202520
rs56039004-<b>A</b>,8e-07,unipolar depression,UNKNOWN,18:2427956
rs17410557-<b>C</b>,8e-07,unipolar depression,DCC,18:53250021
rs17144465-<b>G</b>,8e-07,unipolar depression,SP4,7:21464809
chr2:169366410-<b>?</b>,8e-07,unipolar depression,UNKNOWN,Mapping not available
rs10175979-<b>T</b>,8e-07,unipolar depression,UNKNOWN,2:57586038
rs1755255-<b>C</b>,8e-07,unipolar depression,SPRY2,13:80301287
rs10959631-<b>T</b>,8e-07,unipolar depression,UNKNOWN,9:11220986
rs3806572-<b>A</b>,8e-07,unipolar depression,RTN4,2:55011541
rs17176546-<b>A</b>,8e-07,unipolar depression,CACNA2D1,7:82251598
rs1304150-<b>T</b>,9e-07,unipolar depression,RNU1-43P,3:103112741
rs56072378-<b>G</b>,9e-07,unipolar depression,MAD1L1,7:2064729
rs598769-<b>T</b>,9e-07,unipolar depression,TYR,11:89286569
rs9540720-<b>G</b>,9e-07,unipolar depression,PCDH9,13:66348573
rs56390503-<b>T</b>,9e-07,unipolar depression,FAT1,4:186631422
rs7174755-<b>T</b>,9e-07,unipolar depression,ITGA11,15:68304789
rs62383381-<b>C</b>,9e-07,unipolar depression,TENM2,5:168029174
rs782472239-<b>?</b>,9e-07,unipolar depression,ORAI1,12:121641369
rs4438172-<b>A</b>,9e-07,unipolar depression,LINC00567,13:110796311
rs4438172-<b>A</b>,9e-07,unipolar depression,RPL21P107,13:110796311
rs3785236-<b>C</b>,9e-07,unipolar depression,RBFOX1,16:7617197
rs13011737-<b>A</b>,1e-06,unipolar depression,SLC8A1-AS1,2:39839482
rs2291479-<b>A</b>,1e-06,unipolar depression,LINC01014,3:178457156
rs2291479-<b>A</b>,1e-06,unipolar depression,KCNMB2,3:178457156
rs117778141-<b>T</b>,1e-06,unipolar depression,UNKNOWN,10:55896368
rs6606710-<b>T</b>,1e-06,unipolar depression,MYO1H,12:109411098
rs4941058-<b>C</b>,1e-06,unipolar depression,LINC01544,18:61780992
rs4941058-<b>C</b>,1e-06,unipolar depression,RNF152,18:61780992
rs6579956-<b>G</b>,1e-06,unipolar depression,LINC01470,5:152699103
rs142029931-<b>?</b>,1e-06,unipolar depression,CNTNAP1,17:42691962
rs112610420-<b>?</b>,1e-06,unipolar depression,ADGRE2,19:14765351
rs67917624-<b>A</b>,1e-06,unipolar depression,RASA3,13:114043625
rs59711329-<b>G</b>,1e-06,unipolar depression,ZNF417,19:57901128
rs13214628-<b>G</b>,1e-06,unipolar depression,VNN2,6:132741777
rs13214628-<b>G</b>,1e-06,unipolar depression,VNN3,6:132741777
rs116100277-<b>T</b>,1e-06,unipolar depression,UNKNOWN,6:51300739
rs12036147-<b>A</b>,1e-06,unipolar depression,CHRM3,1:239835413
rs734152-<b>G</b>,1e-06,unipolar depression,FAM222A,12:109759971
rs734152-<b>G</b>,1e-06,unipolar depression,FAM222A-AS1,12:109759971
rs35426224-<b>G</b>,1e-06,unipolar depression,EML1,14:99783354
rs150406602-<b>A</b>,1e-06,unipolar depression,TNFAIP8L3,15:51097433
rs150406602-<b>A</b>,1e-06,unipolar depression,MIR4713HG,15:51097433
rs7568777-<b>A</b>,1e-06,unipolar depression,RTN4,2:55156291
rs7568777-<b>A</b>,1e-06,unipolar depression,CLHC1,2:55156291
rs2466882-<b>A</b>,1e-06,unipolar depression,UNKNOWN,12:22903786
rs141980369-<b>G</b>,1e-06,unipolar depression,MCM9,6:118888344
rs201483250-<b>?</b>,1e-06,unipolar depression,LILRA1,19:54595276
rs10484358-<b>T</b>,1e-06,unipolar depression,GMPR,6:16255812
rs186555608-<b>C</b>,1e-06,unipolar depression,KCNQ3,8:132216505
rs1935881-<b>T</b>,1e-06,unipolar depression,BRINP3,1:190097256
rs11708664-<b>A</b>,1e-06,unipolar depression,TBC1D5,3:17749535
rs7713917-<b>G</b>,1e-06,unipolar depression,HOMER1,5:79533426
rs7713917-<b>G</b>,1e-06,unipolar depression,Y_RNA,5:79533426
rs5754682-<b>T</b>,1e-06,unipolar depression,LARGE1,22:33806297
rs2715148-<b>?</b>,1e-06,unipolar depression,PCLO,7:82820719
rs6799788-<b>G</b>,1e-06,unipolar depression,IL12A-AS1,3:159926508
rs1343607-<b>A</b>,1e-06,unipolar depression,OLFM4,13:53071313
rs1343607-<b>A</b>,1e-06,unipolar depression,LINC01065,13:53071313
rs9870680-<b>T</b>,1e-06,unipolar depression,GRM7,3:7487868
rs12446956-<b>C</b>,1e-06,unipolar depression,ZFHX3,16:73467637
rs12446956-<b>C</b>,1e-06,unipolar depression,LINC01568,16:73467637
rs143864773-<b>T</b>,1e-06,unipolar depression,CCDC73,11:32744320
rs1811320-<b>A</b>,1e-06,unipolar depression,RBFOX1,16:6074205
rs78643921-<b>C</b>,1e-06,unipolar depression,PCDH9,13:66647244
rs270545-<b>G</b>,1e-06,unipolar depression,LINC02119,5:38051491
rs59283172-<b>G</b>,1e-06,unipolar depression,UNKNOWN,9:25232980
rs6537837-<b>T</b>,1e-06,unipolar depression,GNAI3,1:109577110
rs1448094-<b>T</b>,1e-06,unipolar depression,MGAT4C,12:85949356
rs1448094-<b>T</b>,1e-06,unipolar depression,NTS,12:85949356
rs2524222-<b>T</b>,1e-06,unipolar depression,GNL1,6:30543393
rs13138395-<b>T</b>,2e-06,unipolar depression,LINC00290,4:181009808
rs6567380-<b>T</b>,2e-06,unipolar depression,SERPINB13,18:63600273
rs185973901-<b>C</b>,2e-06,unipolar depression,ACTBP8,6:88351556
rs78489263-<b>A</b>,2e-06,unipolar depression,CDKAL1,6:20723562
rs148701910-<b>C</b>,2e-06,unipolar depression,KLF2-DT,19:16310721
rs1034394-<b>G</b>,2e-06,unipolar depression,UNKNOWN,22:34427837
rs1481631-<b>?</b>,2e-06,unipolar depression,RNU6-1263P,3:98969178
rs1481631-<b>?</b>,2e-06,unipolar depression,LINC00973,3:98969178
rs2576789-<b>A</b>,2e-06,unipolar depression,GPR45,2:105194762
rs2576789-<b>A</b>,2e-06,unipolar depression,LINC01918,2:105194762
rs598068-<b>A</b>,2e-06,unipolar depression,ACOD1,13:76963172
rs598068-<b>A</b>,2e-06,unipolar depression,RPL7P44,13:76963172
rs186167755-<b>C</b>,2e-06,unipolar depression,ADAMTSL1,9:18600278
rs17506336-<b>C</b>,2e-06,unipolar depression,EXT1,8:118097589
rs10174573-<b>T</b>,2e-06,unipolar depression,UNKNOWN,2:192877447
rs139018470-<b>T</b>,2e-06,unipolar depression,GPR88,1:100602039
rs139018470-<b>T</b>,2e-06,unipolar depression,LINC01349,1:100602039
rs12513663-<b>T</b>,2e-06,unipolar depression,LINC01170,5:124496959
rs33435-<b>G</b>,2e-06,unipolar depression,ZNF536,19:30452548
rs12115299-<b>G</b>,2e-06,unipolar depression,DENND1A,9:123923619
rs2163544-<b>C</b>,2e-06,unipolar depression,MIR924HG,18:39305111
rs10947863-<b>T</b>,2e-06,unipolar depression,TDRG1,6:40244840
rs10505997-<b>T</b>,2e-06,unipolar depression,ITPR2,12:26376309
rs699319-<b>C</b>,2e-06,unipolar depression,SF3B1,2:197417052
rs17676433-<b>T</b>,2e-06,unipolar depression,GRK5,10:119348012
rs4312987-<b>T</b>,2e-06,unipolar depression,KLHL31,6:53720234
rs4312987-<b>T</b>,2e-06,unipolar depression,LRRC1,6:53720234
rs2252932-<b>A</b>,2e-06,unipolar depression,UNKNOWN,13:55740831
rs1525293-<b>C</b>,2e-06,unipolar depression,UNKNOWN,7:71008019
rs1957408-<b>G</b>,2e-06,unipolar depression,DAAM1,14:59333603
rs139073054-<b>T</b>,2e-06,unipolar depression,LINC00430,13:86999003
rs4565433-<b>G</b>,2e-06,unipolar depression,ZFPM2,8:105485315
rs79306025-<b>A</b>,2e-06,unipolar depression,UNKNOWN,14:85132448
rs200897153-<b>?</b>,2e-06,unipolar depression,FASN,17:82082645
rs1792737-<b>C</b>,2e-06,unipolar depression,LINC01539,18:56179136
rs12211087-<b>T</b>,2e-06,unipolar depression,LINC02571,6:31302169
rs12211087-<b>T</b>,2e-06,unipolar depression,HLA-B,6:31302169
rs140555-<b>T</b>,2e-06,unipolar depression,PHF21B,22:45020016
rs8140097-<b>T</b>,2e-06,unipolar depression,LINC00895,22:19549739
rs8140097-<b>T</b>,2e-06,unipolar depression,CLDN5,22:19549739
rs144735131-<b>A</b>,2e-06,unipolar depression,H2BC4,6:26121050
rs5760842-<b>A</b>,2e-06,unipolar depression,KIAA1671,22:25087024
rs349475-<b>T</b>,2e-06,unipolar depression,CDH18,5:19440059
rs7565124-<b>?</b>,2e-06,unipolar depression,LAPTM4A-DT,2:20061924
rs7565124-<b>?</b>,2e-06,unipolar depression,RPS16P2,2:20061924
rs79225303-<b>T</b>,2e-06,unipolar depression,TRAPPC9,8:140119737
rs12464040-<b>T</b>,2e-06,unipolar depression,DNAH6,2:84628488
rs10758202-<b>A</b>,2e-06,unipolar depression,AQP3,9:33420010
rs10758202-<b>A</b>,2e-06,unipolar depression,AQP7,9:33420010
rs10786831-<b>A</b>,2e-06,unipolar depression,SORCS3,10:104854813
rs9601248-<b>C</b>,2e-06,unipolar depression,LINC01068,13:79594869
rs79309730-<b>C</b>,2e-06,unipolar depression,SH3BP4,2:235039304
rs7298108-<b>C</b>,2e-06,unipolar depression,A2MP1,12:9223572
rs7298108-<b>C</b>,2e-06,unipolar depression,PZP,12:9223572
rs35936514-<b>T</b>,2e-06,unipolar depression,LHPP,10:124556401
rs882632-<b>T</b>,2e-06,unipolar depression,PCARE,2:29057895
rs882632-<b>T</b>,2e-06,unipolar depression,TOGARAM2,2:29057895
rs60225398-<b>T</b>,2e-06,unipolar depression,EGLN3,14:34024218
rs164241-<b>T</b>,2e-06,unipolar depression,LINC00856,10:78574404
rs8070473-<b>T</b>,2e-06,unipolar depression,SLFN12L,17:35516493
rs8023445-<b>?</b>,2e-06,unipolar depression,SHC4,15:48900594
rs10265216-<b>A</b>,3e-06,unipolar depression,MKLN1,7:131215362
rs11152166-<b>?</b>,3e-06,unipolar depression,CCBE1,18:59647575
rs76913336-<b>C</b>,3e-06,unipolar depression,GMDS-DT,6:2518745
rs114927772-<b>A</b>,3e-06,unipolar depression,MAK,6:10818696
rs114927772-<b>A</b>,3e-06,unipolar depression,TMEM14B,6:10818696
rs7835340-<b>A</b>,3e-06,unipolar depression,TRIM55,8:66140334
rs141208948-<b>G</b>,3e-06,unipolar depression,UNKNOWN,11:103612982
rs11054833-<b>A</b>,3e-06,unipolar depression,MANSC1,12:12350535
rs11054833-<b>A</b>,3e-06,unipolar depression,LOH12CR2,12:12350535
rs60716536-<b>A</b>,3e-06,unipolar depression,LINC02304,14:97156881
rs111747875-<b>T</b>,3e-06,unipolar depression,SEMA3C,7:80708697
rs111747875-<b>T</b>,3e-06,unipolar depression,CD36,7:80708697
rs28385404-<b>?</b>,3e-06,unipolar depression,LINC02251,15:98034365
rs2414116-<b>A</b>,3e-06,unipolar depression,LYSMD2,15:51725148
rs6995581-<b>G</b>,3e-06,unipolar depression,UNKNOWN,8:137616924
rs61909191-<b>A</b>,3e-06,unipolar depression,CCND2-AS1,12:4241124
rs74932355-<b>T</b>,3e-06,unipolar depression,UNKNOWN,2:236758796
rs79652026-<b>C</b>,3e-06,unipolar depression,FIG4,6:109737837
rs9487113-<b>T</b>,3e-06,unipolar depression,MICAL1,6:109458971
rs80127896-<b>A</b>,3e-06,unipolar depression,GMDS-DT,6:2518145
undefined,3e-06,unipolar depression,UNKNOWN,Mapping not available
rs147542932-<b>C</b>,3e-06,unipolar depression,KCNT2,1:196204734
rs1676905-<b>G</b>,3e-06,unipolar depression,RNY4,7:148974185
rs1676905-<b>G</b>,3e-06,unipolar depression,RNY3,7:148974185
rs61842316-<b>T</b>,3e-06,unipolar depression,RSU1,10:16711721
rs41287894-<b>T</b>,3e-06,unipolar depression,SKINT1L,1:48161782
rs264272-<b>T</b>,3e-06,unipolar depression,PIEZO2,18:10923810
rs2517622-<b>?</b>,3e-06,unipolar depression,TRIM26,6:30187372
rs2517622-<b>?</b>,3e-06,unipolar depression,PAIP1P1,6:30187372
rs12420464-<b>T</b>,3e-06,unipolar depression,EIF3F,11:7993230
rs606149-<b>?</b>,3e-06,unipolar depression,DDAH1,1:193952418
rs8020095-<b>A</b>,3e-06,unipolar depression,GPHN,14:66987141
rs9943849-<b>T</b>,3e-06,unipolar depression,CPM,12:68976976
rs9964540-<b>A</b>,3e-06,unipolar depression,RNU6-340P,18:2643559
rs9964540-<b>A</b>,3e-06,unipolar depression,Y_RNA,18:2643559
rs1780436-<b>?</b>,3e-06,unipolar depression,LINC02629,10:33968684
rs73176142-<b>C</b>,3e-06,unipolar depression,RNU6-348P,3:171542960
rs73176142-<b>C</b>,3e-06,unipolar depression,PLD1,3:171542960
rs17634917-<b>A</b>,3e-06,unipolar depression,RFPL4A,19:55754298
rs17634917-<b>A</b>,3e-06,unipolar depression,NLRP9,19:55754298
rs2042772-<b>T</b>,3e-06,unipolar depression,LY75-CD302,2:159805547
rs2042772-<b>T</b>,3e-06,unipolar depression,LY75,2:159805547
rs6598266-<b>A</b>,3e-06,unipolar depression,DNM1P46,15:99759034
rs6598266-<b>A</b>,3e-06,unipolar depression,LYSMD4,15:99759034
rs4356032-<b>C</b>,3e-06,unipolar depression,RNU6-695P,1:90330554
rs255428-<b>A</b>,3e-06,unipolar depression,UNKNOWN,5:63551062
rs4660091-<b>T</b>,3e-06,unipolar depression,FH,1:241465130
rs2012485-<b>T</b>,3e-06,unipolar depression,CDCA2,8:25517394
rs2125000-<b>T</b>,3e-06,unipolar depression,TUBAP10,4:124344158
rs35888008-<b>A</b>,4e-06,unipolar depression,C16orf78,16:49443361
rs35888008-<b>A</b>,4e-06,unipolar depression,LINC02179,16:49443361
rs55894909-<b>G</b>,4e-06,unipolar depression,RNU6-1304P,1:225711351
rs55894909-<b>G</b>,4e-06,unipolar depression,ENAH,1:225711351
rs73359384-<b>G</b>,4e-06,unipolar depression,LINC02074,17:74078057
rs71358652-<b>C</b>,4e-06,unipolar depression,UNKNOWN,18:64934582
rs116078874-<b>A</b>,4e-06,unipolar depression,GLO1,6:38684649
rs35864932-<b>C</b>,4e-06,unipolar depression,RNF213,17:80308082
rs57091543-<b>C</b>,4e-06,unipolar depression,GALM,2:38677624
rs150466001-<b>C</b>,4e-06,unipolar depression,UNKNOWN,18:66348267
rs16926263-<b>T</b>,4e-06,unipolar depression,LINC00836,10:25693234
rs2460546-<b>A</b>,4e-06,unipolar depression,RASGEF1A,10:43241126
rs3744550-<b>?</b>,4e-06,unipolar depression,MYH13,17:10303278
rs4435501-<b>A</b>,4e-06,unipolar depression,SNRNP200,2:96315631
rs11835646-<b>T</b>,4e-06,unipolar depression,ACSS3,12:81158559
"rs11070668-A,rs11070670-A, rs12440434-A, rs11636875-A, rs2413923-A, rs16961929-G, rs934741-G, rs8031813-A, rs7178573-G, rs11070665-G, rs10519201-C, rs12593599-G, rs12915940-G, rs16952958-A, rs11070664-A, rs4608275-G, rs1007662-G, rs17384124-A, rs12915772-A, rs4775789-A, rs10851473-G, rs4491452-A, rs11638748-G, rs4774529-G, rs7178085-C, rs7164451-A, rs4474633-G, rs10519199-<b>A</b>",4e-06,unipolar depression,SHC4,15:48946587
rs117715236-<b>A</b>,4e-06,unipolar depression,NRG1,8:32600452
rs10736455-<b>A</b>,4e-06,unipolar depression,LINC02550,11:111193999
rs10736455-<b>A</b>,4e-06,unipolar depression,C11orf53,11:111193999
rs116071213-<b>G</b>,4e-06,unipolar depression,UNKNOWN,1:102234129
rs1874256-<b>A</b>,4e-06,unipolar depression,RBMS3,3:28952692
rs1504721-<b>C</b>,4e-06,unipolar depression,CNTN5,11:99397886
rs142592479-<b>A</b>,4e-06,unipolar depression,UNKNOWN,2:49555287
rs78825642-<b>C</b>,4e-06,unipolar depression,MTCO3P27,4:64607622
rs78825642-<b>C</b>,4e-06,unipolar depression,MTCYBP16,4:64607622
rs6497642-<b>A</b>,4e-06,unipolar depression,USP31,16:23047129
rs114171617-<b>A</b>,4e-06,unipolar depression,UNKNOWN,2:49748293
rs142865693-<b>?</b>,4e-06,unipolar depression,OR5AK3P,11:56977155
rs142865693-<b>?</b>,4e-06,unipolar depression,OR5AK2,11:56977155
rs55940619-<b>C</b>,4e-06,unipolar depression,GRID1,10:86126629
rs8066520-<b>G</b>,4e-06,unipolar depression,PIPOX,17:29049573
rs28680895-<b>T</b>,4e-06,unipolar depression,ZNF506,19:19814290
rs28680895-<b>T</b>,4e-06,unipolar depression,ZNF56,19:19814290
rs11579964-<b>C</b>,4e-06,unipolar depression,NVL,1:224351238
rs11579964-<b>C</b>,4e-06,unipolar depression,CNIH4,1:224351238
rs114098943-<b>G</b>,4e-06,unipolar depression,TRIM63,1:26049538
rs114098943-<b>G</b>,4e-06,unipolar depression,SLC30A2,1:26049538
rs364477-<b>C</b>,4e-06,unipolar depression,DMRT1,9:955794
rs10514718-<b>C</b>,4e-06,unipolar depression,UNKNOWN,3:61428140
rs1673101-<b>A</b>,4e-06,unipolar depression,LINC02144,5:87738535
rs8012941-<b>G</b>,4e-06,unipolar depression,KCNH5,14:62855629
rs10227749-<b>T</b>,4e-06,unipolar depression,DGKB,7:14404267
rs264272-<b>G</b>,4e-06,unipolar depression,PIEZO2,18:10923810
rs9466930-<b>C</b>,4e-06,unipolar depression,SPTLC1P2,6:23840904
rs40493-<b>C</b>,4e-06,unipolar depression,PTPRG,3:61989275
rs17118176-<b>A</b>,4e-06,unipolar depression,MDGA2,14:47216656
rs111404313-<b>A</b>,4e-06,unipolar depression,CASP8AP2,6:89859111
rs17710780-<b>T</b>,4e-06,unipolar depression,U3,5:149657413
rs17710780-<b>T</b>,4e-06,unipolar depression,ARHGEF37,5:149657413
rs76400352-<b>G</b>,4e-06,unipolar depression,FYB1,5:39230117
rs16832899-<b>G</b>,4e-06,unipolar depression,UNKNOWN,3:182144627
rs150439352-<b>A</b>,4e-06,unipolar depression,MS4A13,11:60524031
rs4478239-<b>?</b>,4.9999999999999996e-06,unipolar depression,LINC02374,4:187270152
rs10468608-<b>C</b>,4.9999999999999996e-06,unipolar depression,MAP2K3,17:21283048
rs10468608-<b>C</b>,4.9999999999999996e-06,unipolar depression,EIF1P5,17:21283048
rs79802045-<b>A</b>,4.9999999999999996e-06,unipolar depression,MIR4471,8:100336905
rs79802045-<b>A</b>,4.9999999999999996e-06,unipolar depression,RNF19A,8:100336905
rs35099409-<b>T</b>,4.9999999999999996e-06,unipolar depression,INTS9,8:28876569
rs12547341-<b>A</b>,4.9999999999999996e-06,unipolar depression,COLEC10,8:91690290
rs12547341-<b>A</b>,4.9999999999999996e-06,unipolar depression,RN7SKP231,8:91690290
rs1969253-<b>?</b>,4.9999999999999996e-06,unipolar depression,DVL3,3:184158724
rs2247523-<b>?</b>,4.9999999999999996e-06,unipolar depression,PCLO,7:82825088
rs111275535-<b>A</b>,4.9999999999999996e-06,unipolar depression,LINC02366,12:10760728
rs9646303-<b>?</b>,4.9999999999999996e-06,unipolar depression,ZCCHC14,16:87428363
rs1031396-<b>T</b>,4.9999999999999996e-06,unipolar depression,LINC00410,13:90907558
rs113021743-<b>C</b>,4.9999999999999996e-06,unipolar depression,STX17-AS1,9:99757506
rs535777-<b>?</b>,4.9999999999999996e-06,unipolar depression,HLA-DRB1,6:32609856
rs535777-<b>?</b>,4.9999999999999996e-06,unipolar depression,HLA-DQA1,6:32609856
rs184666-<b>T</b>,4.9999999999999996e-06,unipolar depression,LINC02195,16:26606344
rs7148335-<b>G</b>,4.9999999999999996e-06,unipolar depression,BRMS1L,14:35913595
rs144356690-<b>A</b>,4.9999999999999996e-06,unipolar depression,LINC00276,2:13707862
rs138567168-<b>C</b>,4.9999999999999996e-06,unipolar depression,TRIM44,11:35778692
rs6096232-<b>G</b>,4.9999999999999996e-06,unipolar depression,KCNG1,20:51021437
rs143756124-<b>T</b>,4.9999999999999996e-06,unipolar depression,RNMT,18:13823130
rs143756124-<b>T</b>,4.9999999999999996e-06,unipolar depression,MC5R,18:13823130
rs166040-<b>G</b>,4.9999999999999996e-06,unipolar depression,PCDH1,5:141831188
rs1927745-<b>A</b>,4.9999999999999996e-06,unipolar depression,FAM155A,13:107127968
rs1927745-<b>A</b>,4.9999999999999996e-06,unipolar depression,KLF12,13:107127968
rs11009175-<b>A</b>,4.9999999999999996e-06,unipolar depression,ITGB1-DT,10:33005847
rs6822806-<b>T</b>,4.9999999999999996e-06,unipolar depression,UNC5C,4:95377791
rs1390496-<b>G</b>,4.9999999999999996e-06,unipolar depression,LINC01036,1:187307421
rs724568-<b>C</b>,4.9999999999999996e-06,unipolar depression,LINC02831,2:67715348
rs724568-<b>C</b>,4.9999999999999996e-06,unipolar depression,LINC01812,2:67715348
rs116569570-<b>A</b>,4.9999999999999996e-06,unipolar depression,NPFFR2,4:71950372
rs6485603-<b>G</b>,4.9999999999999996e-06,unipolar depression,PRDM11,11:45238465
rs6485603-<b>G</b>,4.9999999999999996e-06,unipolar depression,SYT13,11:45238465
rs187279821-<b>A</b>,4.9999999999999996e-06,unipolar depression,HSPA4L,4:127836228
rs6893200-<b>T</b>,4.9999999999999996e-06,unipolar depression,DAP-DT,5:10806645
rs10514585-<b>A</b>,4.9999999999999996e-06,unipolar depression,CDH13,16:83250733
rs10476497-<b>A</b>,4.9999999999999996e-06,unipolar depression,LINC01938,5:165161811
rs12647456-<b>A</b>,4.9999999999999996e-06,unipolar depression,ENPP6,4:184277373
rs12647456-<b>A</b>,4.9999999999999996e-06,unipolar depression,RN7SL28P,4:184277373
rs644695-<b>A</b>,4.9999999999999996e-06,unipolar depression,LINC00578,3:177573909
rs7194099-<b>A</b>,4.9999999999999996e-06,unipolar depression,BCAR4,16:11808105
rs7194099-<b>A</b>,4.9999999999999996e-06,unipolar depression,ZC3H7A,16:11808105
rs398426-<b>T</b>,4.9999999999999996e-06,unipolar depression,RN7SL150P,19:33830353
rs398426-<b>T</b>,4.9999999999999996e-06,unipolar depression,KCTD15,19:33830353
rs6743806-<b>C</b>,4.9999999999999996e-06,unipolar depression,HIGD1AP4,2:223344398
rs6743806-<b>C</b>,4.9999999999999996e-06,unipolar depression,RN7SL807P,2:223344398
rs139388380-<b>T</b>,4.9999999999999996e-06,unipolar depression,SOX2-OT,3:181738428
rs13171357-<b>G</b>,4.9999999999999996e-06,unipolar depression,SLC1A3,5:36694954
rs12240686-<b>A</b>,6e-06,unipolar depression,ENO4,10:116878671
rs73228161-<b>A</b>,6e-06,unipolar depression,PLXNC1,12:94268895
rs78245978-<b>T</b>,6e-06,unipolar depression,LINC02645,10:2564784
rs10457592-<b>G</b>,6e-06,unipolar depression,MIR548AI,6:99104094
rs10806805-<b>G</b>,6e-06,unipolar depression,UNKNOWN,6:164732581
rs73108923-<b>A</b>,6e-06,unipolar depression,SYNPR,3:63339904
rs342318-<b>A</b>,6e-06,unipolar depression,PDGFC,4:156867803
rs73063271-<b>A</b>,6e-06,unipolar depression,ACVR2B-AS1,3:38425758
rs73063271-<b>A</b>,6e-06,unipolar depression,XYLB,3:38425758
rs80208956-<b>A</b>,6e-06,unipolar depression,FGF19,11:69682501
rs80208956-<b>A</b>,6e-06,unipolar depression,LTO1,11:69682501
rs6666516-<b>A</b>,6e-06,unipolar depression,RN7SL299P,1:232192655
rs17615103-<b>T</b>,6e-06,unipolar depression,MS4A1,11:60470932
rs17615103-<b>T</b>,6e-06,unipolar depression,MS4A12,11:60470932
rs12457996-<b>T</b>,6e-06,unipolar depression,SYT4,18:43292308
rs2173763-<b>?</b>,6e-06,unipolar depression,PARP15,3:122610313
rs17864092-<b>T</b>,6e-06,unipolar depression,GRM8,7:126999550
rs17634917-<b>G</b>,6e-06,unipolar depression,RFPL4A,19:55754298
rs17634917-<b>G</b>,6e-06,unipolar depression,NLRP9,19:55754298
rs1706631-<b>T</b>,6e-06,unipolar depression,LINC02378,12:17509301
rs1822818-<b>T</b>,6e-06,unipolar depression,RASGEF1B,4:81541443
rs4585146-<b>G</b>,6e-06,unipolar depression,FGF12,3:192100853
rs4585146-<b>G</b>,6e-06,unipolar depression,RN7SKP222,3:192100853
rs912988-<b>T</b>,6e-06,unipolar depression,UNKNOWN,1:5294784
rs12210761-<b>A</b>,6e-06,unipolar depression,OFCC1,6:10175803
rs12049330-<b>G</b>,6e-06,unipolar depression,ATXN7L2,1:109488566
rs117901488-<b>T</b>,6e-06,unipolar depression,SLC22A2,6:160182100
rs5990417-<b>T</b>,6e-06,unipolar depression,UNKNOWN,X:95824871
rs2342343-<b>A</b>,6e-06,unipolar depression,MON1B,16:77134353
rs34534607-<b>T</b>,6e-06,unipolar depression,TSPAN33,7:129150350
rs8008104-<b>G</b>,6e-06,unipolar depression,PRIMA1,14:93720026
rs147643734-<b>A</b>,6e-06,unipolar depression,EPHA7,6:93481026
rs4973321-<b>G</b>,6e-06,unipolar depression,SP140L,2:230387764
rs10892733-<b>T</b>,6e-06,unipolar depression,SC5D,11:121344415
rs10892733-<b>T</b>,6e-06,unipolar depression,BMPR1AP2,11:121344415
rs2498010-<b>A</b>,6e-06,unipolar depression,UNKNOWN,10:84826084
rs4238010-<b>G</b>,6e-06,unipolar depression,PARP11-AS1,12:4009151
rs4238010-<b>G</b>,6e-06,unipolar depression,HSPA8P5,12:4009151
rs115668237-<b>?</b>,6e-06,unipolar depression,SLC2A8,9:127405508
rs72717793-<b>A</b>,6e-06,unipolar depression,TBPL2,14:55454152
rs180931486-<b>T</b>,6e-06,unipolar depression,MBP,18:77055585
rs10923531-<b>T</b>,6e-06,unipolar depression,RNA5SP56,1:118280942
rs10923531-<b>T</b>,6e-06,unipolar depression,PSMC1P12,1:118280942
rs78664615-<b>T</b>,6e-06,unipolar depression,WARS2,1:119102543
rs2498828-<b>T</b>,6e-06,unipolar depression,FBLN5,14:91954931
rs2498828-<b>T</b>,6e-06,unipolar depression,TRIP11,14:91954931
rs9300648-<b>T</b>,6e-06,unipolar depression,NALCN,13:101106989
rs116233998-<b>A</b>,7e-06,unipolar depression,MRPS33P3,4:115213661
rs74002781-<b>T</b>,7e-06,unipolar depression,PKD1,16:2096287
rs13127214-<b>C</b>,7e-06,unipolar depression,GABRB1,4:47278539
rs6976860-<b>T</b>,7e-06,unipolar depression,PHTF2,7:77822829
rs604222-<b>A</b>,7e-06,unipolar depression,LINC02038,3:193865921
rs604222-<b>A</b>,7e-06,unipolar depression,LINC02026,3:193865921
rs74031748-<b>A</b>,7e-06,unipolar depression,LINC00923,15:97950924
rs74031748-<b>A</b>,7e-06,unipolar depression,ARRDC4,15:97950924
rs6922076-<b>C</b>,7e-06,unipolar depression,LINC01016,6:33839788
rs6922076-<b>C</b>,7e-06,unipolar depression,MLN,6:33839788
rs1575671-<b>G</b>,7e-06,unipolar depression,FTH1P5,6:51007388
rs1612122-<b>T</b>,7e-06,unipolar depression,LINC01517,10:29002969
rs2326810-<b>G</b>,7e-06,unipolar depression,LY86-AS1,6:6612234
rs2326810-<b>G</b>,7e-06,unipolar depression,LY86,6:6612234
rs7222143-<b>A</b>,7e-06,unipolar depression,SUPT4H1,17:58349957
rs7222143-<b>A</b>,7e-06,unipolar depression,TSPOAP1-AS1,17:58349957
rs139340185-<b>A</b>,7e-06,unipolar depression,LINC01288,8:34718769
rs116215823-<b>T</b>,7e-06,unipolar depression,KCNH8,3:19322024
rs145189127-<b>G</b>,7e-06,unipolar depression,MIR557,1:168405362
rs145189127-<b>G</b>,7e-06,unipolar depression,QRSL1P1,1:168405362
rs11743328-<b>T</b>,7e-06,unipolar depression,APC,5:112679858
rs11743328-<b>T</b>,7e-06,unipolar depression,LINC02200,5:112679858
rs73133999-<b>G</b>,7e-06,unipolar depression,ST3GAL6-AS1,3:98715123
rs10520045-<b>T</b>,7e-06,unipolar depression,LINC02853,15:36021764
rs11149178-<b>A</b>,7e-06,unipolar depression,UNKNOWN,13:80783536
rs11099341-<b>A</b>,7e-06,unipolar depression,KRT18P54,4:135407047
rs1449984-<b>A</b>,7e-06,unipolar depression,UNKNOWN,2:23191780
rs288342-<b>T</b>,7e-06,unipolar depression,Y_RNA,2:182800480
rs288342-<b>T</b>,7e-06,unipolar depression,DNAJC10,2:182800480
rs5771109-<b>T</b>,7e-06,unipolar depression,TUBGCP6,22:50240142
rs79954464-<b>G</b>,7e-06,unipolar depression,ZNF683,1:26402358
rs79954464-<b>G</b>,7e-06,unipolar depression,LIN28A,1:26402358
rs666723-<b>A</b>,7e-06,unipolar depression,CASP4,11:104955877
rs6534441-<b>C</b>,7e-06,unipolar depression,LINC02516,4:124494379
rs6534441-<b>C</b>,7e-06,unipolar depression,TECRP2,4:124494379
rs536504-<b>C</b>,7e-06,unipolar depression,RASGEF1B,4:81840312
rs12500612-<b>G</b>,7e-06,unipolar depression,HNRNPA1P65,4:24739335
rs12500612-<b>G</b>,7e-06,unipolar depression,LINC02473,4:24739335
rs4543289-<b>?</b>,7e-06,unipolar depression,UNKNOWN,5:165057942
rs310501-<b>?</b>,7e-06,unipolar depression,HAPLN1,5:83594091
rs310501-<b>?</b>,7e-06,unipolar depression,VCAN,5:83594091
rs4501813-<b>G</b>,8e-06,unipolar depression,KLHDC7A,1:18490385
rs4501813-<b>G</b>,8e-06,unipolar depression,DYNLL1P3,1:18490385
rs71560357-<b>T</b>,8e-06,unipolar depression,KRT18P50,6:95893891
rs2977608-<b>A</b>,8e-06,unipolar depression,LINC01128,1:832873
rs10247376-<b>C</b>,8e-06,unipolar depression,RAPGEF5,7:22085200
rs111629393-<b>G</b>,8e-06,unipolar depression,NELL1,11:21292600
rs113416614-<b>T</b>,8e-06,unipolar depression,MCMBP,10:119869536
rs143445914-<b>C</b>,8e-06,unipolar depression,ZNF80,3:114265592
rs143445914-<b>C</b>,8e-06,unipolar depression,TIGIT,3:114265592
rs972697-<b>G</b>,8e-06,unipolar depression,UNKNOWN,18:30530053
rs17534846-<b>A</b>,8e-06,unipolar depression,FER,5:109115513
rs325502-<b>G</b>,8e-06,unipolar depression,RNU6-334P,5:104672432
rs325502-<b>G</b>,8e-06,unipolar depression,LINC02163,5:104672432
rs115981586-<b>A</b>,8e-06,unipolar depression,RPS14P7,4:160773745
rs4903685-<b>G</b>,8e-06,unipolar depression,ADCK1,14:78009678
rs4903685-<b>G</b>,8e-06,unipolar depression,FXNP1,14:78009678
rs5766499-<b>A</b>,8e-06,unipolar depression,LINC01656,22:44427215
rs11223270-<b>A</b>,8e-06,unipolar depression,OPCML,11:132898896
rs140992857-<b>A</b>,8e-06,unipolar depression,UNKNOWN,6:67951517
rs111796550-<b>A</b>,8e-06,unipolar depression,Y_RNA,1:35200179
rs111796550-<b>A</b>,8e-06,unipolar depression,ZMYM4,1:35200179
rs188386326-<b>G</b>,8e-06,unipolar depression,TRPM3,9:70634117
rs56294834-<b>A</b>,8e-06,unipolar depression,KRTAP4-17P,17:41188621
rs56294834-<b>A</b>,8e-06,unipolar depression,KRTAP9-1,17:41188621
rs2721937-<b>?</b>,8e-06,unipolar depression,TRPS1,8:115621472
rs17744447-<b>A</b>,8e-06,unipolar depression,CABYRP1,3:54059392
rs17744447-<b>A</b>,8e-06,unipolar depression,CACNA2D3,3:54059392
rs567697-<b>T</b>,8e-06,unipolar depression,ALG8,11:78096117
rs11055387-<b>C</b>,8e-06,unipolar depression,LINC01559,12:13367062
rs12552369-<b>A</b>,8e-06,unipolar depression,AK8,9:132757106
rs35693458-<b>A</b>,8e-06,unipolar depression,PANK3,5:168558454
rs974379-<b>C</b>,8e-06,unipolar depression,FMN1,15:33212866
rs974379-<b>C</b>,8e-06,unipolar depression,TMCO5B,15:33212866
rs7814405-<b>A</b>,8e-06,unipolar depression,RN7SL318P,8:5238786
rs11613048-<b>A</b>,8e-06,unipolar depression,LINC02386,12:30201042
rs1457614-<b>C</b>,8e-06,unipolar depression,GRIN2B,12:13488772
rs7895886-<b>A</b>,8e-06,unipolar depression,LINC00836,10:25694445
rs60466238-<b>T</b>,9e-06,unipolar depression,KIAA0087,7:26612673
rs60466238-<b>T</b>,9e-06,unipolar depression,LINC02860,7:26612673
rs17526879-<b>G</b>,9e-06,unipolar depression,LINC01742,20:57976061
rs1496089-<b>T</b>,9e-06,unipolar depression,LINC01036,1:187322087
rs1841556-<b>T</b>,9e-06,unipolar depression,MIR7515HG,2:6674345
rs1841556-<b>T</b>,9e-06,unipolar depression,LINC00487,2:6674345
rs76088896-<b>T</b>,9e-06,unipolar depression,LINC02246,21:14892473
rs10460050-<b>T</b>,9e-06,unipolar depression,NOL4,18:33833707
rs10460050-<b>T</b>,9e-06,unipolar depression,ASXL3,18:33833707
rs2017305-<b>A</b>,9e-06,unipolar depression,DDX21,10:68952306
rs2017305-<b>A</b>,9e-06,unipolar depression,DDX50,10:68952306
rs10744304-<b>A</b>,9e-06,unipolar depression,LINC02375,12:127329196
rs116200762-<b>C</b>,9e-06,unipolar depression,OR9S24P,2:240079088
rs116200762-<b>C</b>,9e-06,unipolar depression,OR6B3,2:240079088
rs13074924-<b>?</b>,9e-06,unipolar depression,ANAPC15P2,3:174311255
rs4709845-<b>?</b>,9e-06,unipolar depression,UNKNOWN,6:164479565
rs507385-<b>A</b>,9e-06,unipolar depression,GRM7,3:6969030
rs112904378-<b>A</b>,9e-06,unipolar depression,GRIK2,6:101595927
rs79696139-<b>A</b>,9e-06,unipolar depression,CATSPERD,19:5756634
rs2462686-<b>C</b>,9e-06,unipolar depression,FTLP15,7:45942861
rs2462686-<b>C</b>,9e-06,unipolar depression,IGFBP3,7:45942861
rs117183159-<b>T</b>,9e-06,unipolar depression,RN7SL601P,17:11149061
rs78994374-<b>A</b>,9e-06,unipolar depression,MAP3K5,6:136623641
rs145478122-<b>A</b>,9e-06,unipolar depression,C8orf37-AS1,8:95436361
rs10831801-<b>A</b>,9e-06,unipolar depression,MICAL2,11:12353089
rs2781093-<b>G</b>,9e-06,unipolar depression,UNKNOWN,9:119806336
rs1486437-<b>A</b>,9e-06,unipolar depression,LINC01571,16:51865949
rs4625554-<b>G</b>,9e-06,unipolar depression,TIGAR,12:4307138
rs4625554-<b>G</b>,9e-06,unipolar depression,CCND2,12:4307138
rs114508355-<b>C</b>,9e-06,unipolar depression,CLCC1,1:108957621
rs114508355-<b>C</b>,9e-06,unipolar depression,AKNAD1,1:108957621
rs17705482-<b>T</b>,9e-06,unipolar depression,COX6CP4,15:36543587
rs8050755-<b>T</b>,9e-06,unipolar depression,TSC2,16:2069186
rs2377360-<b>G</b>,9e-06,unipolar depression,ESRRG,1:217027541
rs117621296-<b>T</b>,9e-06,unipolar depression,MARCHF2,19:8417300
rs13186198-<b>G</b>,9e-06,unipolar depression,CYSTM1,5:140272472
rs13186198-<b>G</b>,9e-06,unipolar depression,PFDN1,5:140272472
rs9572423-<b>G</b>,9e-06,unipolar depression,LINC00540,13:70272071
rs612711-<b>T</b>,9e-06,unipolar depression,MRPL37,1:54220701
rs570456-<b>C</b>,9e-06,unipolar depression,ALG8,11:78112182
rs13257626-<b>G</b>,9e-06,unipolar depression,U8,8:71780350
rs7742824-<b>A</b>,9e-06,unipolar depression,SCIRT,6:44097574
rs7742824-<b>A</b>,9e-06,unipolar depression,MRPL14,6:44097574
rs1504722-<b>G</b>,9e-06,unipolar depression,CNTN5,11:99397985
